author_id,author,birth_year,sex,ethnicity
375,MAHATHIR BIN MOHAMAD,1926.0,male,bumiputera
698,LIM KIT SIANG,1941.0,male,chinese
848,KARPAL SINGH A/L RAM SINGH,1941.0,male,other
872,TENGKU RAZALEIGH BIN TENGKU HAMZAH,1937.0,male,bumiputera
985,S. SUBRAMANIAM,1953.0,male,indian
991,RAIS BIN YATIM,1943.0,male,bumiputera
1216,MOHD. NAJIB BIN TUN HAJI ABDUL RAZAK,1954.0,male,bumiputera
1228,RAFIDAH BINTI ABD. AZIZ,1944.0,female,bumiputera
1238,TAN SENG GIAW,1943.0,male,chinese
1426,ANWAR BIN IBRAHIM,1947.0,male,bumiputera
1444,ZAINAL ABIDIN BIN AHMAD,1939.0,male,bumiputera
1613,ISMAIL BIN HAJI MOHAMED SAID,1966.0,male,bumiputera
1644,MUHAMMAD LEO MICHAEL TOYAD ABDULLAH,1950.0,male,bumiputera
1663,MOHD RADZI BIN TAN SRI SHEIKH AHMAD,1942.0,male,bumiputera
1665,SHAHIDAN BIN KASSIM,1951.0,male,bumiputera
1676,OTHMAN BIN ABDUL,1951.0,male,bumiputera
1692,IBRAHIM ALI,1951.0,male,bumiputera
1712,ABDUL HADI BIN HAJI AWANG,1947.0,male,bumiputera
1804,WEE CHOO KEONG,1953.0,male,chinese
1825,TAN KOK WAI,1957.0,male,chinese
1839,LIM GUAN ENG,1961.0,male,chinese
1860,HASSAN BIN ABDUL KARIM,1951.0,male,bumiputera
1895,JOSEPH PAIRIN KITINGAN,1941.0,male,bumiputera
1898,BERNARD GILUK DOMPOK,1950.0,male,bumiputera
1958,UGAK ANAK KUMBONG,1962.0,male,bumiputera
1965,WONG HO LENG,1960.0,male,chinese
1981,CHOR CHEE HEUNG,1955.0,male,chinese
2081,NGEH KOO HAM,1961.0,male,chinese
2113,PALANIVEL A/L K. GOVINDASAMY,1949.0,male,indian
2119,ONG TEE KEAT,1956.0,male,chinese
2128,FONG KUI LUN,1946.0,male,chinese
2187,MOHAMED KHALED BIN HAJI NORDIN,1958.0,male,bumiputera
2190,ONG KA TING,1957.0,male,chinese
2224,MOHAMADDIN BIN KETAPI,1958.0,male,bumiputera
2230,ROHANI BINTI HAJI ABDUL KARIM,1955.0,female,bumiputera
2232,YONG KHOON HIAN @ YONG KHOON SENG,1942.0,male,chinese
2236,RICHARD RIOT ANAK JAEM,1951.0,male,bumiputera
2242,WAN JUNAIDI BIN TUANKU JAAFAR,1946.0,male,bumiputera
2254,WILLIAM MAWAN IKOM,1950.0,male,bumiputera
2258,ROBERT LAU HOI CHEW,1942.0,male,chinese
2265,BILLY ABIT JOO,1950.0,male,bumiputera
2273,PETER CHIN FAH KUI,1946.0,male,bumiputera
2289,AZMI BIN KHALID,1941.0,male,bumiputera
2333,MUSTAPA BIN MOHAMED,1951.0,male,bumiputera
2368,MOHAMED NAZRI BIN TAN SRI ABDUL AZIZ,1954.0,male,bumiputera
2393,AHMAD ZAHID BIN HAMIDI,1953.0,male,bumiputera
2404,FAUZI ABDUL RAHMAN,1947.0,male,bumiputera
2411,TENGKU AZLAN IBNI ALMARHUM SULTAN ABU BAKAR,1950.0,male,bumiputera
2416,NOH BIN HAJI OMAR,1958.0,male,bumiputera
2436,TAN YEE KEW,1953.0,female,chinese
2447,TAN KEE KWONG,1947.0,male,chinese
2471,FONG CHAN ONN,1944.0,male,chinese
2501,MOHAMED HANIPA BIN MAIDIN,1969.0,male,bumiputera
2550,CHUA SOON BUI,1955.0,female,chinese
2574,TIONG THAI KING,1946.0,male,chinese
2586,JACOB DUNGAU SAGAN,1947.0,male,bumiputera
2615,SAIFUDDIN NASUTION BIN ISMAIL,1964.0,male,bumiputera
2655,ABDULLAH BIN HAJI AHMAD BADAWI,1940.0,male,bumiputera
2661,CHONG ENG,1958.0,female,chinese
2665,CHOW KON YEOW,1958.0,male,chinese
2678,ROSLAN BIN SHAHARUM,1959.0,male,bumiputera
2692,FONG PO KUAN,1974.0,female,chinese
2706,KONG CHO HA,1951.0,male,chinese
2709,MAH SIEW KEONG,1962.0,male,chinese
2721,LIOW TIONG LAI,1962.0,male,chinese
2769,TERESA KOK SUH SIM,1964.0,female,chinese
2778,SHAZIMAN BIN ABU MANSOR,1964.0,male,bumiputera
2789,CHUA TIAN CHANG @ TIAN CHUA,1964.0,male,chinese
2797,MUHYIDDIN BIN MOHD. YASSIN,1947.0,male,bumiputera
2797,MAHIADDIN BIN HAJI MD YASIN,1947.0,male,bumiputera
2857,RONALD KIANDEE,1961.0,male,bumiputera
2861,BUNG MOKTAR BIN RADIN,1959.0,male,bumiputera
2874,CHONG CHIENG JEN,1971.0,male,chinese
2894,JOSEPH SALANG ANAK GANDUM,1950.0,male,bumiputera
2903,ALEXANDER NANTA LINGGI,1958.0,male,bumiputera
2912,HENRY SUM AGONG,1946.0,male,bumiputera
2922,IDRIS BIN HAJI AHMAD,1963.0,male,bumiputera
2928,MAHFUZ BIN HAJI OMAR,1958.0,male,bumiputera
2932,MOHAMAD BIN SABU,1954.0,male,bumiputera
2934,MOHD HAYATI BIN OTHMAN,1958.0,male,bumiputera
2958,SALAHUDDIN BIN HAJI AYUB,1962.0,male,bumiputera
2986,AHMAD SHABERY BIN CHEEK,1959.0,male,bumiputera
2990,MUJAHID BIN YUSOF RAWA,1965.0,male,bumiputera
3012,TAN LIAN HOE,1959.0,female,chinese
3019,MICHAEL JEYAKUMAR DEVARAJ,1955.0,male,indian
3061,ISMAIL SABRI BIN YAAKOB,1960.0,male,bumiputera
3095,KHALID BIN ABD. SAMAD,1957.0,male,bumiputera
3142,SHAMSUL ISKANDAR @ YUSRE BIN HAJI MOHD AKIN,1975.0,male,bumiputera
3148,PANG HOK LIONG,1957.0,male,chinese
3153,HAMIM BIN SAMURI,1958.0,male,bumiputera
3186,TAN AH ENG,1956.0,female,chinese
3203,HIEW KING CHEU,1952.0,male,chinese
3204,LIEW CHIN JIN,1952.0,female,chinese
3226,JUSLIE BIN AJIROL,1954.0,male,bumiputera
3228,EDMUND CHONG KET WAH,1956.0,male,chinese
3238,ABDUL GHAPUR BIN SALLEH,1943.0,male,bumiputera
3242,FADILLAH BIN HAJI YUSOF,1962.0,male,bumiputera
3254,DOUGLAS UGGAH EMBAS,1956.0,male,bumiputera
3265,AARON AGO ANAK DAGANG,1959.0,male,bumiputera
3270,JOSEPH ENTULU ANAK BELAUN,1955.0,male,bumiputera
3285,ISMAIL BIN KASIM,1960.0,male,bumiputera
3286,ABU BAKAR BIN TAIB,1943.0,male,bumiputera
3288,MUKHRIZ TUN DR. MAHATHIR,1964.0,male,bumiputera
3290,MOHD JOHARI BIN BAHARUM,1954.0,male,bumiputera
3292,MOHD NASIR BIN ZAKARIA,1976.0,male,bumiputera
3294,GOOI HSIAO-LEUNG,1973.0,male,chinese
3295,AHMAD BIN KASIM,1964.0,male,bumiputera
3298,MOHD FIRDAUS BIN JAAFAR,1974.0,male,bumiputera
3300,CHE UDA BIN CHE NIK,1949.0,male,bumiputera
3302,RASHID BIN DIN,1947.0,male,bumiputera
3304,JOHARI BIN ABDUL,1955.0,male,bumiputera
3305,ABDUL AZEEZ BIN ABDUL RAHIM,1967.0,male,bumiputera
3306,TAIB AZAMUDDEN BIN MD TAIB,1951.0,male,bumiputera
3308,GOBALAKRISHNAN A/L NAGAPAN,1960.0,male,indian
3309,ZULKIFLI BIN NOORDIN,1962.0,male,bumiputera
3310,ABD AZIZ BIN SHEIKH FADZIR,1963.0,male,bumiputera
3311,KAMARUDIN BIN JAFFAR,1952.0,male,bumiputera
3313,AB. HALIM BIN AB. RAHMAN,1940.0,male,bumiputera
3315,WAN ABD. RAHIM BIN WAN ABDULLAH,1952.0,male,bumiputera
3318,SITI ZAILAH BINTI MOHD YUSOFF,1963.0,female,bumiputera
3322,NASHARUDIN BIN MAT ISA,1963.0,male,bumiputera
3324,ANNUAR BIN HAJI MUSA,1956.0,male,bumiputera
3325,AB AZIZ BIN AB KADIR,1963.0,male,bumiputera
3327,AMRAN BIN AB GHANI,1974.0,male,bumiputera
3330,MUHAMMAD BIN HUSAIN,1952.0,male,bumiputera
3333,MOHD HATTA BIN MD RAMLI,1957.0,male,bumiputera
3336,ABDULLAH BIN MD ZIN,1947.0,male,bumiputera
3338,MOHD JIDIN BIN SHAFEE,1955.0,male,bumiputera
3340,MOHD NASIR BIN IBRAHIM FIKRI,1957.0,male,bumiputera
3342,RAZALI BIN ISMAIL,1949.0,male,bumiputera
3345,MOHD NOR BIN OTHMAN,1953.0,male,bumiputera
3346,MATULIDI BIN JUSOH,1958.0,male,bumiputera
3350,NOR MOHAMED YAKCOP,1948.0,male,bumiputera
3354,RAMASAMY A/L PALANISAMY,1950.0,male,indian
3355,TAN TEE BENG,1972.0,male,chinese
3357,LIEW CHIN TONG,1977.0,male,chinese
3361,JEFF OOI CHUAN AUN,1956.0,male,chinese
3364,ZAHRAIN MOHAMED HASHIM,1956.0,male,bumiputera
3366,MOHD YUSMADI BIN MOHD YUSOFF,1975.0,male,bumiputera
3369,SHAMSUL ANUAR BIN HAJI NASARAH,1967.0,male,bumiputera
3371,HAMZAH BIN ZAINUDIN,1957.0,male,bumiputera
3372,MOHSIN FADZLI BIN HAJI SAMSURI,1946.0,male,bumiputera
3376,NGA KOR MING,1972.0,male,chinese
3380,AHMAD HUSNI BIN MOHAMAD HANADZLAH,1953.0,male,bumiputera
3383,M. KULASEGARAN A/L V. MURUGESON,1957.0,male,indian
3388,MOHD NIZAR BIN HAJI ZAKARIA,1969.0,male,bumiputera
3390,LEE CHEE LEONG,1957.0,male,chinese
3391,LEE BOON CHYE,1960.0,male,chinese
3393,SARAVANAN A/L MURUGAN,1968.0,male,indian
3395,TAJUDDIN BIN ABDUL RAHMAN,1948.0,male,bumiputera
3398,MANOGARAN A/L MARIMUTHU,1960.0,male,indian
3399,ONG KA CHUAN,1955.0,male,chinese
3402,DEVAMANY A/L S.KRISHNASAMY,1958.0,male,indian
3403,MOHAMAD SHAHRUM BIN OSMAN,1954.0,male,bumiputera
3406,NG YEN YEN,1947.0,female,chinese
3409,AZAN BIN ISMAIL,1961.0,male,bumiputera
3411,ABDUL MANAN BIN ISMAIL,1949.0,male,bumiputera
3413,ISMAIL BIN HAJI ABD MUTTALIB,1954.0,male,bumiputera
3414,NASRUDIN BIN HASSAN,1971.0,male,bumiputera
3416,SAIFUDDIN BIN ABDULLAH,1961.0,male,bumiputera
3420,JAMALUDIN BIN DATO' MOHD JARJIS,1952.0,male,bumiputera
3421,ABD. RAHMAN BIN BAKRI,1966.0,male,bumiputera
3422,NORIAH BINTI KASNON,1964.0,female,bumiputera
3424,DZULKEFLY BIN AHMAD,1956.0,male,bumiputera
3427,WILLIAM LEONG JEE KEEN,1957.0,male,chinese
3428,MOHAMED AZMIN BIN ALI,1965.0,male,bumiputera
3431,ZURAIDA BINTI KAMARUDDIN,1958.0,female,bumiputera
3433,CHE ROSLI BIN CHE MAT,1952.0,male,bumiputera
3434,TEO NIE CHING,1981.0,female,chinese
3436,GOBIND SINGH DEO,1973.0,male,other
3438,GWO-BURNE LOH,1974.0,male,bumiputera
3440,HEE LOY SIAN,1971.0,male,chinese
3441,TONY PUA KIAM WEE,1973.0,male,bumiputera
3443,SIVARASA A/L K. RASIAH,1957.0,male,indian
3446,MANIKAVASAGAM A/L SUNDARAM,1966.0,male,indian
3447,CHARLES ANTHONY A/L R. SANTIAGO,1961.0,male,indian
3449,SITI MARIAH BINTI MAHMUD,1958.0,female,bumiputera
3451,ABDULLAH SANI BIN ABDUL HAMID,1962.0,male,bumiputera
3452,MOHD ZIN BIN MOHAMED,1954.0,male,bumiputera
3456,LIM LIP ENG,1972.0,male,chinese
3457,ZULHASNAN BIN RAFIQUE,1955.0,male,bumiputera
3460,LO' LO' BINTI HJ MOHAMAD GHAZALI,1958.0,female,bumiputera
3464,NURUL IZZAH BINTI ANWAR,1980.0,female,bumiputera
3467,ABD KHALID BIN IBRAHIM,1947.0,male,bumiputera
3468,TENGKU ADNAN BIN TENGKU MANSOR,1951.0,male,bumiputera
3470,LILAH BIN YASIN,1958.0,male,bumiputera
3473,JOHN A/L FERNANDEZ,1942.0,male,indian
3474,HASAN BIN MALEK,1946.0,male,bumiputera
3477,LOKE SIEW FOOK,1977.0,male,chinese
3478,KHAIRY JAMALUDDIN ABU BAKAR,1976.0,male,bumiputera
3480,KAMARUL BAHARIN BIN ABBAS,1948.0,male,bumiputera
3483,ABU SEMAN BIN HAJI YUSOP,1944.0,male,bumiputera
3487,IDRIS BIN HAJI HARON,1967.0,male,bumiputera
3488,MD SIRAT BIN ABU,1960.0,male,bumiputera
3489,SIM TONG HIM,1949.0,male,chinese
3491,AHMAD BIN HAJI HAMZAH,1949.0,male,bumiputera
3492,BAHARUM BIN HAJI MOHAMED,1957.0,male,bumiputera
3493,CHUA TEE YONG,1977.0,male,chinese
3497,ER TECK HWA,1973.0,male,chinese
3498,RAZALI BIN HAJI IBRAHIM,1971.0,male,bumiputera
3501,NORAINI BINTI AHMAD,1967.0,female,bumiputera
3502,WEE KA SIONG,1968.0,male,chinese
3505,MOHAMAD BIN HAJI AZIZ,1941.0,male,bumiputera
3506,MOHD PUAD BIN ZARKASHI,1958.0,male,bumiputera
3507,LIANG TECK MENG,1972.0,male,chinese
3509,HOU KOK CHUNG,1963.0,male,chinese
3510,HISHAMMUDDIN BIN TUN HUSSEIN,1961.0,male,bumiputera
3512,ABDUL LATIFF BIN AHMAD,1959.0,male,bumiputera
3515,HALIMAH BINTI MOHAMED SADIQUE,1962.0,female,bumiputera
3516,SYED HAMID BIN SYED JAAFAR ALBAR,1944.0,male,bumiputera
3518,AZALINA BINTI DATO' OTHMAN SAID,1964.0,female,bumiputera
3520,TENG BOON SOON,1942.0,male,chinese
3522,SHAHRIR BIN ABDUL SAMAD,1950.0,male,bumiputera
3524,NUR JAZLAN BIN TAN SRI MOHAMED,1966.0,male,bumiputera
3527,AHMAD BIN HAJI MASLAN,1966.0,male,bumiputera
3529,WEE JECK SENG,1964.0,male,chinese
3530,YUSSOF BIN HAJI MAHAL,1958.0,male,bumiputera
3533,ABD RAHIM BIN BAKRI,1961.0,male,bumiputera
3537,JOHNITY @ MAXIMUS BIN ONGKILI,1954.0,male,bumiputera
3538,ABDUL RAHMAN BIN HAJI DAHLAN,1966.0,male,bumiputera
3541,WILFRED MOJILIP BUMBURING,1952.0,male,bumiputera
3544,ENCHIN BIN MAJIMBUN @ ERIC,1950.0,male,bumiputera
3547,MAKIN @ MARCUS MOJIGOH,1953.0,male,bumiputera
3554,ROSNAH BINTI HAJI ABDUL RASHID SHIRLIN,1973.0,female,bumiputera
3558,ANIFAH BIN HAJI AMAN,1954.0,male,bumiputera
3562,LAJIM BIN HAJI UKIN,1956.0,male,bumiputera
3563,SAPAWI BIN HAJI AMAT WASALI @ AHMAD,1955.0,male,bumiputera
3565,SIRINGAN BIN GUBAT,1950.0,male,bumiputera
3566,JONATHAN BIN YASIN,1967.0,male,bumiputera
3572,RAIME BIN UNGGI,1970.0,male,bumiputera
3573,JOSEPH KURUP,1945.0,male,bumiputera
3581,LIEW VUI KEONG,1960.0,male,chinese
3583,SALLEH BIN KALBI,1965.0,male,bumiputera
3585,MOHD. SHAFIE BIN HAJI APDAL,1957.0,male,bumiputera
3587,CHAN FOONG HIN,1979.0,male,chinese
3591,TEKHEE @TIKI ANAK LAFE,1953.0,male,bumiputera
3598,SULAIMAN ABDUL RAHMAN TAIB,1969.0,male,bumiputera
3599,JAMES DAWOS MAMIT,1949.0,male,bumiputera
3603,NANCY BINTI HAJI SHUKRI,1961.0,female,bumiputera
3607,MASIR ANAK KUJAT,1955.0,male,bumiputera
3609,WILLIAM @ NYALLAU ANAK BADAK,1951.0,male,bumiputera
3610,JELAING ANAK MERSAT,1949.0,male,bumiputera
3612,NORAH BINTI ABDUL RAHMAN,1960.0,female,bumiputera
3613,ABDUL WAHAB BIN HAJI DOLAH,1951.0,male,bumiputera
3615,DING KUONG HIING,1955.0,male,chinese
3622,TIONG KING SING,1961.0,male,chinese
3624,AHMAD LAI BIN BUJANG,1950.0,male,bumiputera
3625,MICHAEL TEO YU KENG,1948.0,male,chinese
3627,HASBI BIN HAJI HABIBOLLAH,1963.0,male,bumiputera
3630,ZAHIDI BIN ZAINUL ABIDIN,1961.0,male,bumiputera
3633,SHAHARUDDIN BIN ISMAIL,1967.0,male,bumiputera
3635,NAWAWI BIN AHMAD,1961.0,male,bumiputera
3638,OTHMAN BIN AZIZ,1959.0,male,bumiputera
3641,MAHDZIR BIN KHALID,1961.0,male,bumiputera
3646,JAMIL KHIR BIN BAHAROM (B),1962.0,male,bumiputera
3647,MANSOR BIN ABDUL RAHMAN,1961.0,male,bumiputera
3648,ISMAIL BIN DAUT,1956.0,male,bumiputera
3649,NOR AZRINA BINTI SURIP,1975.0,female,bumiputera
3656,N. SURENDRAN A/L NAGARAJAN,1967.0,male,indian
3659,IZANI BIN HUSIN,1963.0,male,bumiputera
3661,TAKIYUDDIN BIN HASSAN,1961.0,male,bumiputera
3663,NIK MOHAMAD ABDUH BIN NIK ABDUL AZIZ,1970.0,male,bumiputera
3665,AHMAD BAIHAKI BIN ATIQULLAH,1974.0,male,bumiputera
3667,AHMAD MARZUK BIN SHAARY,1976.0,male,bumiputera
3670,IKMAL HISHAM BIN ABDUL AZIZ,1965.0,male,bumiputera
3672,NIK MAZIAN BIN NIK MOHAMAD,1959.0,male,bumiputera
3673,AHMAD JAZLAN BIN YAAKUB,1965.0,male,bumiputera
3676,IDRIS BIN JUSOH,1956.0,male,bumiputera
3678,CHE MOHAMAD ZULKIFLY BIN JUSOH,1959.0,male,bumiputera
3680,MOHD KHAIRUDDIN BIN AMAN RAZALI,1974.0,male,bumiputera
3682,RAJA KAMARUL BAHRIN SHAH BIN RAJA AHMAD,1955.0,male,bumiputera
3684,JAILANI BIN JOHARI,1966.0,male,bumiputera
3686,WAN HASSAN BIN MOHD RAMLI,1957.0,male,bumiputera
3689,REEZAL MERICAN BIN NAINA MERICAN,1973.0,male,bumiputera
3692,SHABUDIN BIN YAHAYA,1966.0,male,bumiputera
3699,SIM CHEE KEONG,1982.0,male,chinese
3701,KASTHURIRAANI A/P PATTO,1980.0,female,indian
3705,MANSOR BIN OTHMAN,1950.0,male,bumiputera
3706,ZAIRIL KHIR JOHARI,1983.0,male,bumiputera
3708,NG WEI AIK,1978.0,male,chinese
3712,SIM TZE TZIN,1976.0,male,chinese
3714,HILMI BIN YAHAYA,1949.0,male,bumiputera
3715,MUHAMMAD BAKHTIAR BIN WAN CHIK,1965.0,male,bumiputera
3717,HASBULLAH BIN OSMAN,1957.0,male,bumiputera
3724,NOOR AZMI BIN GHAZALI,1962.0,male,bumiputera
3730,SU KEONG SIONG,1967.0,male,chinese
3733,SIVAKUMAR A/L VARATHARAJU NAIDU,1971.0,male,indian
3736,WAN MOHAMMAD KHAIR-IL ANUAR WAN AHMAD,1960.0,male,bumiputera
3738,MOHD ZAIM BIN ABU HASAN,1951.0,male,bumiputera
3740,KO CHUNG SEN,1969.0,male,chinese
3745,MOHAMAD IMRAN BIN ABDUL HAMID (B),1955.0,male,bumiputera
3746,SEAH LEONG PENG,1967.0,male,chinese
3752,ABDUL RAHMAN BIN HAJI MOHAMAD,1962.0,male,bumiputera
3754,MOHD ARIFF SABRI BIN ABDUL AZIZ,1957.0,male,bumiputera
3756,AHMAD NAZLAN BIN IDRIS,1958.0,male,bumiputera
3763,WONG TACK,1959.0,male,chinese
3768,MOHD FASIAH BIN MOHD FAKEH,1956.0,male,bumiputera
3770,SANTHARA KUMAR A/L RAMANAIDU,1971.0,male,indian
3772,P. KAMALANATHAN A/L P. PANCHANATHAN,1966.0,male,indian
3775,IRMOHIZAM BIN HAJI IBRAHIM,1976.0,male,bumiputera
3779,MOHD RAFIZI BIN RAMLI,1977.0,male,bumiputera
3783,ONG KIAN MING,1976.0,male,chinese
3786,WONG CHEN,1969.0,male,chinese
3798,MANIVANNAN A/L GOWINDASAMY,1975.0,male,indian
3815,AHMAD FAUZI BIN ZAHARI,1964.0,male,bumiputera
3816,JOHARI BIN ABDUL GHANI,1964.0,male,bumiputera
3827,ZAINUDIN BIN ISMAIL,1960.0,male,bumiputera
3830,MOHD ISA BIN ABDUL SAMAD,1950.0,male,bumiputera
3835,TEO KOK SEONG,1980.0,male,chinese
3840,MAS ERMIEYATI BINTI HAJI SAMSUDIN,1976.0,female,bumiputera
3844,ABU BAKAR BIN MOHAMAD DIAH,1959.0,male,bumiputera
3849,ANUAR BIN ABD. MANAP,1977.0,male,bumiputera
3856,AB. AZIZ BIN KAPRAWI,1960.0,male,bumiputera
3857,MOHD IDRIS BIN JUSI,1945.0,male,bumiputera
3859,ONN BIN ABU BAKAR,1963.0,male,bumiputera
3862,NOOR EHSANUDDIN MOHD HARUN NARRASHID,1964.0,male,bumiputera
3865,STEVEN CHOONG SHIAU YOON,1958.0,male,chinese
3866,KHOO SOO SEANG,1945.0,male,chinese
3868,NORMALA BINTI ABDUL SAMAD,1963.0,female,bumiputera
3875,ROZMAN BIN DATUK HAJI ISLI,1965.0,male,bumiputera
3882,ISNARAISSAH MUNIRAH BT MAJILIS @ FAKHARUDY,1982.0,female,bumiputera
3888,MADIUS BIN TANGAU,1958.0,male,bumiputera
3892,JUMAT HAJI IDRIS,1958.0,male,bumiputera
3894,WONG SZE PHIN @ JIMMY,1950.0,male,chinese
3898,IGNATIUS DORELL LEIKING,1971.0,male,bumiputera
3903,AZIZAH BINTI DATUK SERI PANGLIMA HAJI MOHD DUN,1955.0,female,bumiputera
3907,EWON EBIN,1955.0,male,bumiputera
3922,LINDA TSEN THAU LIN,1956.0,female,chinese
3924,WONG TIEN FATT @ WONG NYUK FOH,1955.0,male,chinese
3928,DATU NASRUN BIN DATU MANSUR,1953.0,male,bumiputera
3932,MARY YAP KAIN CHING @ YAP KEN JIN,1951.0,female,chinese
3939,NOGEH ANAK GUMBEK,1957.0,male,bumiputera
3940,MORDI BIMOL,1985.0,male,bumiputera
3945,JULIAN TAN KOK PING,1979.0,male,chinese
3947,RUBIAH BINTI HAJI WANG,1968.0,female,bumiputera
3949,WILLIE ANAK MONGIN,1975.0,male,bumiputera
3956,LARRY SOON @ LARRY SNG WEI SHIEN,1979.0,male,chinese
3958,ALI ANAK BIJU,1968.0,male,bumiputera
3962,WONG LING BIU,1959.0,male,chinese
3967,ALICE LAU KIONG YIENG,1981.0,female,chinese
3969,OSCAR LING CHAI YEW,1977.0,male,chinese
3974,WILSON UGAK ANAK KUMBONG,1962.0,male,bumiputera
3978,ANYI NGAU,1958.0,male,bumiputera
3981,BARU BIAN,1958.0,male,bumiputera
3986,NOOR AMIN BIN AHMAD,1982.0,male,bumiputera
3992,AMIRUDDIN BIN HAJI HAMZAH,1962.0,male,bumiputera
4000,CHAN MING KAI,1981.0,male,bumiputera
4003,AWANG BIN HASHIM,1964.0,male,bumiputera
4006,SABRI BIN AZIT,1966.0,male,bumiputera
4008,AHMAD TARMIZI BIN SULAIMAN,1976.0,male,bumiputera
4016,KARUPAIYA A/L MUTUSAMI,1953.0,male,indian
4022,CHE ABDULLAH BIN MAT NAWI,1961.0,male,bumiputera
4027,AHMAD FADHLI BIN SHAARI,1980.0,male,bumiputera
4031,IBHARIM BIN TUAN MAN,1960.0,male,bumiputera
4037,NIK MUHAMMAD ZAWAWI BIN HAJI SALLEH,1967.0,male,bumiputera
4043,ABDUL LATIFF BIN ABDUL RAHMAN,1971.0,male,bumiputera
4048,SHAHARIZUKIRNAIN BIN ABD KADIR,1969.0,male,bumiputera
4052,AHMAD AMZAD BIN MOHAMED @ HASHIM,1970.0,male,bumiputera
4057,ROSOL BIN WAHID,1964.0,male,bumiputera
4059,CHE ALIAS BIN HAMID,1967.0,male,bumiputera
4072,WONG HON WAI,1973.0,male,chinese
4077,SANISVARA NETHAJI RAYER A/L RAJAJI,1971.0,male,indian
4080,RAMKARPAL SINGH A/L KARPAL SINGH,1976.0,male,other
4095,SYED ABU HUSSIN BIN HAFIZ SYED ABDUL FASAL,1960.0,male,bumiputera
4099,TEH KOK LIM,1970.0,male,chinese
4102,KESAVAN A/L SUBRAMANIAM,1972.0,male,indian
4104,AHMAD FAIZAL BIN AZUMU,1971.0,male,bumiputera
4105,WONG KAH WOH,1980.0,male,chinese
4109,MASTURA BINTI TAN SRI DATO' MOHD YAZID,1962.0,female,bumiputera
4126,CHANG LIH KANG,1980.0,male,chinese
4128,SIVARRAAJH CHANDRAN,1976.0,male,indian
4133,ZULPURI SHAH BIN RAJA PUJI,1965.0,male,bumiputera
4140,MOHD SHAHAR BIN ABDULLAH,1980.0,male,bumiputera
4152,MOHD. ANUAR MOHD. TAHIR,1953.0,male,bumiputera
4157,HASAN BIN ARIFIN,1953.0,male,bumiputera
4160,MUSLIMIN BIN YAHAYA,1967.0,male,bumiputera
4161,BUDIMAN BIN MOHD ZOHDI,1972.0,male,bumiputera
4163,JUNE LEOW HSIAD HUI,1965.0,female,chinese
4177,HASANUDDIN BIN MOHD YUNUS,1965.0,male,bumiputera
4186,MARIA CHIN BINTI ABDULLAH,1957.0,female,bumiputera
4200,XAVIER JAYAKUMAR A/L ARULANANDAM,1953.0,male,indian
4207,PRABAKARAN A/L M PARAMESWARAN,1996.0,male,indian
4212,HANNAH YEOH TSEOW SUAN,1979.0,female,chinese
4213,NIK NAZMI BIN NIK AHMAD,1982.0,male,bumiputera
4215,RINA BINTI MOHD HARUN,1973.0,female,bumiputera
4219,AHMAD FAHMI BIN MOHAMED FADZIL,1981.0,male,bumiputera
4227,JALALUDDIN BIN ALIAS,1963.0,male,bumiputera
4230,MOHD SALIM SHARIF,1965.0,male,bumiputera
4234,EDDIN SYAZLEE BIN SHITH,1974.0,male,bumiputera
4238,CHA KEE CHIN,1974.0,male,chinese
4241,DANYAL BALAGOPAL ABDULLAH,1951.0,male,indian
4242,HASAN BIN BAHROM,1956.0,male,bumiputera
4247,MOHD REDZUAN BIN MD. YUSOF,1957.0,male,bumiputera
4248,RUSNAH BINTI ALUAI,1962.0,female,bumiputera
4252,KHOO POAY TIONG,1971.0,male,chinese
4257,NATRAH ISMAIL,1951.0,female,bumiputera
4261,SYED IBRAHIM BIN SYED NOH,1964.0,male,bumiputera
4263,YEO BEE YIN,1983.0,female,chinese
4266,SYED SADDIQ BIN SYED ABDUL RAHMAN,1993.0,male,bumiputera
4270,SHARUDDIN BIN MD SALLEH,1956.0,male,bumiputera
4273,MOHD RASHID HASNON,1960.0,male,bumiputera
4276,MASZLEE BIN MALIK,1975.0,male,bumiputera
4278,WONG SHU QI,1983.0,female,bumiputera
4284,ADHAM BIN BABA,1963.0,male,bumiputera
4289,AKMAL NASRULLAH BIN MOHD NASIR,1986.0,male,bumiputera
4298,MOHD FARID MOHD RAFIK,1977.0,male,bumiputera
4314,MOHD AZIS BIN JAMMAN,1975.0,male,bumiputera
4317,AWANG HUSAINI BIN SAHARI,1967.0,male,bumiputera
4322,AHMAD BIN HASSAN,1961.0,male,bumiputera
4325,YAMANI HAFEZ BIN MUSA,1978.0,male,bumiputera
4336,NOORITA BINTI SUAL,1980.0,female,bumiputera
4340,ARTHUR JOSEPH KURUP,1982.0,male,bumiputera
4347,ZAKARIA BIN MOHD. EDRIS,1951.0,male,bumiputera
4360,MA'MUN BIN SULAIMAN,1965.0,male,bumiputera
4367,KELVIN YII LEE WUEN,1986.0,male,chinese
4379,TAMBAT@ JUGAH ANAK MUYANG,1964.0,male,bumiputera
4383,ROBERT LAWSON CHUAT,1959.0,male,bumiputera
4385,YUSUF BIN ABD WAHAB,1964.0,male,bumiputera
4388,AHMAD JOHNIE BIN HAJI ZAWAWI,1962.0,male,bumiputera
4390,HUANG TIONG SII,1969.0,male,chinese
4397,HANIFAH HAJAR TAIB,1972.0,female,bumiputera
4403,LUKANISMAN BIN AWANG SAUNI,1982.0,male,bumiputera
4409,RUSHDAN BIN RUSMI,1978.0,male,bumiputera
4413,ZAKRI BIN HASSAN,1965.0,male,bumiputera
4420,MOHD SUHAIMI BIN HAJI ABDULLAH,1976.0,male,bumiputera
4423,ABD GHANI BIN AHMAD,1970.0,male,bumiputera
4425,KU ABD RAHMAN BIN KU ISMAIL,1952.0,male,bumiputera
4432,NURUL AMIN BIN HAMID,1983.0,male,bumiputera
4434,AHMAD BIN SAAD @ YAHAYA,1975.0,male,bumiputera
4438,AFNAN HAMIMI BIN DATO' HAJI TAIB AZAMUDDEN,1981.0,male,bumiputera
4447,AHMAD FAKHRUDDIN BIN FAKHRURAZI,1971.0,male,bumiputera
4461,MOHD NAZRI BIN ABU HASSAN,1970.0,male,bumiputera
4463,MOHAMMED TAUFIQ BIN JOHARI,1996.0,male,bumiputera
4470,HASSAN BIN SAAD,1957.0,male,bumiputera
4471,AZMAN BIN NASRUDIN,1972.0,male,bumiputera
4478,ROSLAN BIN HASHIM,1967.0,male,bumiputera
4482,MUMTAZ BINTI MD NAWI,1972.0,female,bumiputera
4509,MOHD SYAHIR BIN CHE SULAIMAN,1983.0,male,bumiputera
4516,KHLIR BIN MOHD NOR,1958.0,male,bumiputera
4529,WAN AHMAD FAYHSAL BIN WAN AHMAD KAMAL,1987.0,male,bumiputera
4532,ZAHARI BIN KECHIK,1960.0,male,bumiputera
4539,MOHD AZIZI BIN ABU NAIM,1972.0,male,bumiputera
4549,ALIAS BIN RAZAK,1959.0,male,bumiputera
4568,AHMAD SAMSURI BIN MOKHTAR,1971.0,male,bumiputera
4572,SITI MASTURA BINTI MUHAMMAD,1989.0,female,bumiputera
4579,WAN SAIFULRUDDIN BIN WAN JAN,1975.0,male,bumiputera
4584,MUHAMMAD FAWWAZ BIN MOHAMAD JAN,1983.0,male,bumiputera
4593,FADHLINA BINTI SIDEK,1977.0,female,bumiputera
4596,SYERLEENA BINTI ABDUL RASHID,1980.0,female,bumiputera
4601,LIM HUI YING,1963.0,female,chinese
4620,FATHUL HUZIR BIN AYOB,1983.0,male,bumiputera
4630,MOHD MISBAHUL MUNIR BIN MASDUKI,1963.0,male,bumiputera
4643,AZAHARI BIN HASAN,1974.0,male,bumiputera
4657,LEE CHUAN HOW,1983.0,male,chinese
4663,ISKANDAR DZULKARNAIN BIN ABDUL KHALID,1976.0,male,bumiputera
4669,MUHAMMAD ISMI BIN MAT TAIB,1974.0,male,bumiputera
4674,CHONG ZHEMIN,1985.0,male,chinese
4678,TAN KAR HING,1982.0,male,chinese
4688,JAMALUDIN BIN YAHYA,1971.0,male,bumiputera
4691,NORDIN BIN AHMAD ISMAIL TLDM(BERSARA),1965.0,male,bumiputera
4706,RAMLI BIN DATO' MOHD NOR,1958.0,male,bumiputera
4713,CHOW YU HUI,1983.0,male,chinese
4719,KHAIRIL NIZAM BIN KHIRUDIN,1979.0,male,bumiputera
4725,WAN RAZALI BIN WAN NOR,1981.0,male,bumiputera
4731,SH MOHMED PUZI BIN SH ALI,1957.0,male,bumiputera
4741,KAMAL BIN ASHAARI,1970.0,male,bumiputera
4745,SALAMIAH BINTI MOHD NOR,1964.0,female,bumiputera
4749,YOUNG SYEFURA BINTI OTHMAN,1989.0,female,bumiputera
4756,ABDUL KHALIB BIN ABDULLAH,1959.0,male,bumiputera
4759,KALAM BIN SALAN,1965.0,male,bumiputera
4770,MOHD HASNIZAN BIN HARUN,1970.0,male,bumiputera
4773,ZULKAFPERI BIN HANAPI,1959.0,male,bumiputera
4785,AMIRUDIN BIN SHARI,1980.0,male,bumiputera
4789,RODZIAH BINTI ISMAIL,1964.0,female,bumiputera
4799,MOHD SANY BIN HAMZAN,1977.0,male,bumiputera
4810,SYAHREDZAN BIN JOHAN,1983.0,male,bumiputera
4821,LEE CHEAN CHUNG,1981.0,male,chinese
4827,RAMANAN RAMAKRISHNAN,1981.0,male,indian
4829,AZLI BIN YUSOF,1967.0,male,bumiputera
4836,HALIMAH ALI,1960.0,female,bumiputera
4844,GANABATIRAU A/L VERAMAN,1973.0,male,bumiputera
4856,AHMAD YUNUS BIN HAIRI,1965.0,male,bumiputera
4861,RAJ MUNNI BINTI SABU,1972.0,female,bumiputera
4876,ZAHIR BIN HASSAN,1959.0,male,bumiputera
4901,WAN AZIZAH BINTI DR. WAN ISMAIL,1952.0,female,bumiputera
4907,RADZI JIDIN,1977.0,male,bumiputera
4914,SHAMSHULKAHAR BIN MOHD DELI,1961.0,male,bumiputera
4922,ADNAN BIN ABU HASSAN,1970.0,male,bumiputera
4925,MOHAMAD BIN HAJI HASAN,1956.0,male,bumiputera
4933,AMINUDDIN BIN HARUN,1967.0,male,bumiputera
4934,MOHD ISAM BIN MOHD ISA,1969.0,male,bumiputera
4941,ADLY BIN ZAHARI,1971.0,male,bumiputera
4946,BAKRI BIN JAMALUDDIN,1965.0,male,bumiputera
4949,ADAM ADLI BIN ABD HALIM,1989.0,male,bumiputera
4959,ZULKIFLI BIN ISMAIL,1966.0,male,bumiputera
4962,YUNESWARAN A/L RAMARAJ,1986.0,male,indian
4967,ZALIHA BINTI MUSTAFA,1964.0,female,bumiputera
4978,TAN HONG PIN,1981.0,male,chinese
4986,AMINOLHUDA BIN HASSAN,1959.0,male,bumiputera
4997,HASNI BIN MOHAMMAD,1959.0,male,bumiputera
5004,MUHAMMAD ISLAHUDDIN BIN ABAS,1988.0,male,bumiputera
5007,MANNDZRI BIN HAJI NASIB,1980.0,male,bumiputera
5015,JIMMY PUAH WEE TSE,1976.0,male,chinese
5026,SUHAIZAN BIN KAIAT,1961.0,male,bumiputera
5038,SUHAILI BIN ABDUL RAHMAN,1961.0,male,bumiputera
5046,VERDON BIN BAHANDA,1973.0,male,bumiputera
5052,WETROM BIN BAHANDA,1970.0,male,bumiputera
5064,MUSTAPHA SAKMUD,1969.0,male,bumiputera
5070,SHAHELMEY BIN YAHYA,1973.0,male,bumiputera
5073,EWON BENEDICK,1983.0,male,bumiputera
5081,ARMIZAN BIN MOHD ALI,1976.0,male,bumiputera
5082,MOHAMAD BIN ALAMIN,1972.0,male,bumiputera
5091,SITI AMINAH BINTI ACHING,1962.0,female,bumiputera
5093,MATBALI BIN MUSAH,1969.0,male,bumiputera
5103,JEFFREY G. KITINGAN,1947.0,male,bumiputera
5106,RIDUAN BIN RUBIN,1987.0,male,bumiputera
5122,SUHAIMI BIN NASIR,1968.0,male,bumiputera
5127,KHAIRUL FIRDAUS BIN AKBAR KHAN,1983.0,male,bumiputera
5131,VIVIAN WONG SHIR YEE,1989.0,female,chinese
5137,MOHAMMAD YUSOF BIN APDAL,1960.0,male,bumiputera
5146,LO SU FUI,1981.0,male,chinese
5148,ANDI MUHAMMAD SURYADY BIN BANDY,1981.0,male,bumiputera
5153,MORDI ANAK BIMOL,1985.0,male,bumiputera
5169,RODIYAH BINTI SAPIEE,1978.0,female,bumiputera
5171,MOHAMAD SHAFIZAN HAJI KEPLI,1985.0,male,bumiputera
5173,DORIS SOPHIA ANAK BRODI,1960.0,female,bumiputera
5179,ROY ANGAU ANAK GINGKOI,1979.0,male,bumiputera
5183,RICHARD RAPU @ AMAN ANAK BEGRI,1964.0,male,bumiputera
5203,EDWIN ANAK BANTA,1965.0,male,bumiputera
5212,CHIEW CHOON MAN,1991.0,male,chinese
20614,ABDUL GHANI BIN MOHAMED YASSIN,,male,bumiputera
20617,ABDUL HALIM BIN ABD. SAMAD,,male,bumiputera
20618,ABDUL HALIM BIN HAJI SULEIMAN,,male,bumiputera
20622,ABDUL NASIR BIN HAJI IDRIS,,male,bumiputera
20623,ABDUL RAHMAN BIN MAT YASIN,,male,bumiputera
20625,ABDUL RAHMAN BIN BAKAR,1952.0,male,bumiputera
20627,ABDUL SHUKOR BIN P A MOHD SULTAN,1949.0,male,bumiputera
20632,ABIDULLAH BIN SALLEH,,male,bumiputera
20636,ABU ZAHAR UJANG,1944.0,male,bumiputera
20637,ABUN SUI ANYIT,,male,bumiputera
20642,AHAMAT @ AHAMAD BIN YUSOP,,male,bumiputera
20643,AHMAD AZAM BIN HAMZAH,,male,bumiputera
20651,AHMAD MASRIZAL MUHAMMAD,,male,bumiputera
20657,AHMAD BIN DATO' SRI HJ IBRAHIM,,male,bumiputera
20662,AJIS BIN SITIN,,male,bumiputera
20663,AKNAN A/L EHTOOK,,male,other
20670,AMIR HAMZAH AZIZAN,,male,bumiputera
20671,AMIR BIN MD GHAZALI,,male,bumiputera
20674,ANANTHAN A/L SOMASUNDARAM,,male,indian
20676,ANIFAH BIN AMAN @ HANIFF AMMAN,,male,bumiputera
20678,ANNA BELL @ SUZIEANA BINTI PERIAN,,female,bumiputera
20683,ARIFFIN BIN S.M. OMAR,,male,bumiputera
20684,ARMAN AZHA BIN ABU HANIFAH,,male,bumiputera
20686,AWANG BEMEE BIN AWANG ALI BASAH,,male,bumiputera
20687,AWANG BIN SARIYAN,,male,bumiputera
20692,AZHAR BIN AHMAD,,male,bumiputera
20693,AZIZ BIN ARIFFIN,,male,bumiputera
20695,AZIZAH BINTI HAJI HARUN,,female,bumiputera
20701,BAHARUDDIN BIN AHMAD,,male,bumiputera
20702,BAHARUDIN BIN HJ. ABU BAKAR,,male,bumiputera
20705,BALASUBRAMANIAM A/L NACHIAPPAN,,male,indian
20706,BASHIR BIN HAJI ALIAS,,male,bumiputera
20707,BATHMAVATHI KRISHNAN,,male,indian
20710,BOBBEY AH FANG BIN SUAN,,male,bumiputera
20711,BOON SOM A/L INONG,,male,indian
20719,CHAI KIM SEN,,male,chinese
20720,CHANDRA MOHAN A/L S. THAMBIRAJAH,,male,indian
20726,CHEW LEE GIOK,,female,chinese
20728,CHIEW LIAN KENG,,male,chinese
20729,CHIN SU PHIN,,male,chinese
20730,CHIW TIANG CHAI,,male,chinese
20742,DATUK ZAMANI BIN HJ. SULAIMAN,,male,bumiputera
20743,DAYANG MADINAH BINTI TUN ABANG HAJI OPENG,,female,bumiputera
20746,DOMINIC LAU HOE CHAI,,male,chinese
20751,EDWARD LINGGU BUKUT,,male,bumiputera
20754,ENGKU NAIMAH BINTI ENGKU TAIB,,female,bumiputera
20761,FAHARIYAH BINTI HJ. MD NORDIN,,female,bumiputera
20764,FIRDAUS BIN HAJI ABDULLAH,,male,bumiputera
20768,FUZIAH BINTI SALLEH,1959.0,female,bumiputera
20770,GAN PING SHOU @ GAN PING SIEU,,male,chinese
20785,HANAFI BIN HAJI MAMAT,,male,bumiputera
20798,HOH KHAI MUN,,male,chinese
20801,HUSAIN BIN AWANG,,male,bumiputera
20802,HUSSIN BIN ISMAIL,,male,bumiputera
20806,IBRAHIM SHAH BIN ABU SHAH,,male,bumiputera
20809,IDRIS JALA,1958.0,male,bumiputera
20814,ISA BIN AB. HAMID,,male,bumiputera
20815,ISAIAH A/L D.JACOB,,male,indian
20832,JAMILAH @ HALIMAH BINTI SULAIMAN,,female,bumiputera
20833,JASPAL SINGH A/L GURBAKHES SINGH,,male,indian
20834,JAZIRI ALKAF ABDILLAH SUFFIAN,,male,bumiputera
20836,JEFRIDIN BIN ATAN,,male,bumiputera
20840,JOHARI BIN MAT,,male,bumiputera
20841,JOHN AMBROSE,,male,bumiputera
20847,JUDIET BINTI FIDILIS @ NORAINI BINTI IDRIS,,female,bumiputera
20848,JUHANIS BINTI ABD AZIZ,,female,bumiputera
20856,KADZIM BIN M.YAHYA,,male,bumiputera
20864,KESAVADAS A/L A. ACHYUTHAN NAIR,,male,indian
20865,KHAIRIAH BINTI MOHAMED,,female,bumiputera
20867,KHAIRUDIN BIN E.S. ABD SAMAD,,male,bumiputera
20868,KHAIRUL AZWAN BIN HARUN,,male,bumiputera
20875,KOH NAI KWONG,1961.0,male,chinese
20876,KOH TSU KOON,,male,chinese
20887,LEE TIAN SING,,male,chinese
20891,LIHAN JOK,,male,chinese
20897,LIM NGET YOON,,male,chinese
20898,LIM PAY HEN,,male,chinese
20900,LINGESHWARAN A/L DATO' SERI R. ARUNASALAM,,male,indian
20905,LOW KIAN CHUAN,,male,chinese
20906,LUCAS BIN UMBUL,,male,bumiputera
20930,MAGLIN A/L DENNIS D'CRUZ,,male,indian
20939,MANOLAN BIN MOHAMAD,,male,bumiputera
20942,MARIANY BINTI MOHAMMAD YIT,,female,bumiputera
20945,MASHITAH BINTI IBRAHIM,,female,bumiputera
20951,MAZNAH BINTI MAZLAN,,female,bumiputera
20952,MD NASIR BIN HASHIM,,male,bumiputera
20954,MEGAT ZULKARNAIN BIN TAN SRI DATUK WIRA HAJI OMARDIN,,male,bumiputera
20955,MICHAEL MUJAH LIHAN,,male,bumiputera
20958,MOHAMAD ALI BIN HAJI MOHAMAD,,male,bumiputera
20959,MOHAMAD FATMI BIN HJ. CHE SALLEH,,male,bumiputera
20966,MOHAMED HANIFFA BIN ABDULLAH,,male,bumiputera
20973,MOHAN A/L THANGARASU,,male,bumiputera
20975,MOHD APANDI BIN MOHAMAD,,male,bumiputera
20980,MOHD HASBIE BIN MUDA,,male,bumiputera
20984,MOHD HISAMUDIN BIN YAHAYA,,male,bumiputera
20991,MOHD KHALID BIN AHMAD,,male,bumiputera
20993,MOHD NA'IM BIN MOKHTAR,1967.0,male,bumiputera
20999,MOHD NOR BIN HAJI MONUTTY,,male,bumiputera
21012,MUHAMAD YUSOF BIN HUSIN,,male,bumiputera
21013,MUHAMAD BIN MUSTAFA,,male,bumiputera
21018,MUHAMMAD OLIAN BIN ABDULLAH,,male,bumiputera
21019,MUHAMMAD ZAHID BIN MD ARIP,,male,bumiputera
21023,MUJAHID BIN YUSOF,,male,bumiputera
21026,MUSODDAK BIN AHMAD,,male,bumiputera
21027,MUSTAFA BIN MUSA,,male,bumiputera
21028,MUSTAPA KAMAL BIN MOHD YUSOFF,,male,bumiputera
21038,NALLAKARUPPAN A/L SOLAIMALAI,,male,indian
21043,NELSON W ANGANG,,male,bumiputera
21044,NELSON A/L RENGANATHAN,,male,indian
21045,NG CHIANG CHIN,,male,chinese
21062,NORLIZA BINTI ABDUL RAHIM,,female,bumiputera
21064,NUING ANAK JELUING,,male,bumiputera
21069,ONG CHONG SWEN,,female,chinese
21083,PAU CHIONG UNG,,female,chinese
21084,PAUL IGAI,1957.0,male,bumiputera
21085,PAUL LOW SENG KUAN,,male,chinese
21086,PELE PETER TINGGOM,,male,bumiputera
21095,RABIYAH BINTI ALI,,female,bumiputera
21098,RAHEMAH BINTI IDRIS,,female,bumiputera
21099,RAHIMAH BINTI HAJI MAHAMAD,,female,bumiputera
21104,RAJA ROPIAAH BINTI RAJA ABDULLAH,,female,bumiputera
21108,RAS ADIBA BINTI MOHD RADZI,,female,bumiputera
21110,RAZALI BIN IDRIS,,male,bumiputera
21117,RITA SARIMAH ANAK PATRICK INSOL,,female,bumiputera
21119,ROBERT LAU HUI YEW,,male,chinese
21120,RODERICK WONG SIEW LEAD,,male,chinese
21123,ROHANI BINTI ABDULLAH,,female,bumiputera
21127,ROS SURYATI BINTI ALANG,,female,bumiputera
21129,ROSLIN BINTI ABDUL RAHMAN,,female,bumiputera
21131,ROSNI BINTI SOHAR,,female,bumiputera
21136,S. BAGIAM A/P AYEM PERUMAL,,female,indian
21138,SA. VIGNESWARAN,,male,indian
21150,SAAT BIN HJ ABU,,male,bumiputera
21153,SAIFUL IZHAM BIN RAMLI,,male,bumiputera
21156,SALEHUDDIN BIN SAIDIN,,male,bumiputera
21158,SAMBANTHAN A/L MANICKAM,,male,indian
21160,SARASWATHY A/P KANDASAMI,,female,indian
21162,SERUANDI BIN SAAD,,male,bumiputera
21170,SHAMSUDDIN BIN HJ. ABD GHAFFAR,,male,bumiputera
21178,SITI AISHAH BINTI SHAIK ISMAIL,,female,bumiputera
21186,SOPIAH BINTI SHARIF,,female,bumiputera
21188,SUBRAMANIAM A/L VERUTHASALAM,,male,indian
21193,SUSAN CHEMERAI ANDING,,female,bumiputera
21196,SYED HUSIN ALI,,male,bumiputera
21197,SYED IBRAHIM BIN KADER,,male,bumiputera
21198,SYED SHAHIR BIN SYED MOHAMUD,,male,bumiputera
21219,TENGKU ZAFRUL BIN TENGKU ABDUL AZIZ,,male,bumiputera
21220,TEO ENG TEE @ TEO KOK CHEE,,male,chinese
21224,TI LIAN KER,,male,chinese
21229,VELL PAARI A/L TUN SAMY VELLU,,male,indian
21241,WAN MARTINA BINTI WAN YUSOFF,,female,bumiputera
21263,YAHAYA BIN MAT GHANI @ ABBAS,,male,bumiputera
21265,YONG WUI CHUNG,,male,chinese
21268,YUNUS BIN HAJI KURUS,,male,bumiputera
21272,ZAHARI BIN SARIP,,male,bumiputera
21277,ZAIEDI BIN HAJI SUHAILI,,male,bumiputera
21280,ZAITUN BINTI MAT AMIN,,female,bumiputera
21283,ZAMBRY BIN ABDUL KADIR,,male,bumiputera
21286,ZULKIFLI MOHAMAD AL-BAKRI,,male,bumiputera
21287,ZULKIFLI BIN HASAN,,male,bumiputera
21291,ZURAINAH BINTI MUSA,,female,bumiputera
9999990,MOHAMMAD NIZAR BIN JAMALUDDIN,1960.0,male,bumiputera
9999991,PANDIKAR AMIN HAJI MULIA,1955.0,male,bumiputera
9999992,ROOSME HAMZAH,,female,bumiputera
9999993,NIZAM MYDIN BIN BACHA MYDIN,1975.0,male,bumiputera
9999995,AZHAR AZIZAN HARUN,1962.0,male,bumiputera
10000000,MOHD ABDUL WAHID BIN HAJI ENDUT,1950.0,male,bumiputera
10000001,AZAHAR BIN HASAN,1970.0,male,bumiputera
10000002,AZMAN BIN ISMAIL,1961.0,male,bumiputera
10000003,RIDUAN BIN RAHMAT,,male,bumiputera
10000004,MOHD SUHAIMI BIN ABDULLAH,1980.0,male,bumiputera
