author_id,name,birth_year,sex,ethnicity,start_date,end_date
20614,ABDUL GHANI BIN MOHAMED YASSIN,,male,bumiputera,2018-01-05,2021-01-04
20617,ABDUL HALIM BIN ABD. SAMAD,,male,bumiputera,2014-11-03,2017-11-02
20618,ABDUL HALIM BIN HAJI SULEIMAN,,male,bumiputera,2023-11-23,2026-11-22
20622,ABDUL NASIR BIN HAJI IDRIS,,male,bumiputera,2023-03-20,2026-03-19
20625,ABDUL RAHMAN BIN BAKAR,1965.0,male,bumiputera,2011-07-18,2014-07-17
20623,ABDUL RAHMAN BIN MAT YASIN,1956.0,male,bumiputera,2015-06-22,2018-06-21
20627,ABDUL SHUKOR BIN P A MOHD SULTAN,,male,bumiputera,2012-04-25,2015-04-24
20632,ABIDULLAH BIN SALLEH,,male,bumiputera,2016-10-27,2019-10-26
20636,ABU ZAHAR UJANG,,male,bumiputera,2013-04-26,2016-04-25
20637,ABUN SUI ANYIT,1973.0,male,bumiputera,2023-03-20,2026-03-19
20642,AHAMAT @ AHAMAD BIN YUSOP,,male,bumiputera,2011-07-04,2014-07-03
20643,AHMAD AZAM BIN HAMZAH,1949.0,male,bumiputera,2019-05-09,
20657,AHMAD BIN DATO' SRI HJ IBRAHIM,,male,bumiputera,2022-07-22,2025-07-21
20651,AHMAD MASRIZAL MUHAMMAD,,male,bumiputera,2020-03-09,
20662,AJIS BIN SITIN,,male,bumiputera,2021-08-25,2024-08-24
20663,AK NAN A/L EH TOOK,,male,indian,2016-12-15,2019-12-14
20664,AKNAN A/L EHTOOK,,male,indian,2016-12-15,2019-12-14
20671,AMIR BIN MD GHAZALI,,male,bumiputera,2023-03-07,2026-03-06
20670,AMIR HAMZAH AZIZAN,1972.0,male,bumiputera,2023-12-12,2026-12-11
20674,ANANTHAN A/L SOMASUNDARAM,,male,indian,2017-08-15,2020-08-14
20676,ANIFAH BIN AMAN @ HANIFF AMMAN,,male,bumiputera,2023-03-20,2026-03-19
20678,ANNA BELL @ SUZIEANA BINTI PERIAN,,female,bumiputera,2024-03-05,2027-03-04
20683,ARIFFIN BIN S.M. OMAR,,male,bumiputera,2012-06-01,2015-05-31
20684,ARMAN AZHA BIN ABU HANIFAH,,male,bumiputera,2021-10-26,2024-10-25
20686,AWANG BEMEE BIN AWANG ALI BASAH,,male,bumiputera,2024-07-15,2027-07-14
20687,AWANG BIN SARIYAN,,male,bumiputera,2023-03-20,2026-03-19
4643,AZAHAR BIN HASSAN,,male,bumiputera,2024-09-10,2027-09-09
20692,AZHAR BIN AHMAD,,male,bumiputera,2022-03-21,2025-03-20
20693,AZIZ BIN ARIFFIN,,male,bumiputera,2021-08-26,2024-08-25
20695,AZIZAH BINTI HAJI HARUN,,female,bumiputera,2015-07-06,2018-07-05
20701,BAHARUDDIN BIN AHMAD,1957.0,male,bumiputera,2024-09-10,2027-09-09
20702,BAHARUDIN BIN HJ. ABU BAKAR,,male,bumiputera,2011-09-06,2014-09-05
20705,BALASUBRAMANIAM A/L NACHIAPPAN,1958.0,male,indian,2020-06-16,2023-06-15
20706,BASHIR BIN HAJI ALIAS,1966.0,male,bumiputera,2017-06-05,2020-06-04
20707,BATHMAVATHI KRISHNAN,,male,indian,2013-11-18,2016-11-17
20710,BOBBEY AH FANG BIN SUAN,,male,bumiputera,2021-01-05,2024-01-04
20711,BOON SOM A/L INONG,,male,indian,2010-12-15,2013-12-14
20719,CHAI KIM SEN,,male,chinese,2014-06-23,2017-06-22
20720,CHANDRA MOHAN A/L S. TAMBIRAJAH,,male,indian,2012-12-17,2015-12-16
4059,CHE ALIAS BIN HAMID,1971.0,male,bumiputera,2024-11-21,2027-11-20
20726,CHEW LEE GIOK,,female,chinese,2010-12-13,2013-12-12
20728,CHIEW LIAN KENG,,male,chinese,2011-11-02,2014-11-01
20729,CHIN SU PHIN,,male,chinese,2011-05-30,2014-05-29
20730,CHIW TIANG CHAI,,male,chinese,2005-10-14,2014-08-21
20743,DAYANG MADINAH BINTI TUN ABANG HAJI OPENG,,female,bumiputera,2010-07-19,2013-07-18
20746,DOMINIC LAU HOE CHAI,1968.0,male,chinese,2021-11-23,2024-11-22
5173,DORIS SOPHIA AK BRODI,1960.0,female,chinese,2010-03-12,2013-03-11
20751,EDWARD LINGGU BUKUT,,male,bumiputera,2024-12-10,2027-12-09
20754,ENGKU NAIMAH BINTI ENGKU TAIB,,female,bumiputera,2015-11-06,2018-11-05
20761,FAHARIYAH BINTI HJ. MD NORDIN,,female,bumiputera,2016-12-07,2019-12-06
20764,FIRDAUS BIN HAJI ABDULLAH,,male,bumiputera,2012-01-26,2015-01-25
20768,FUZIAH BINTI SALLEH,1959.0,female,bumiputera,2022-12-10,2025-12-09
20770,GAN PING SHOU @ GAN PING SIEU,1966.0,male,chinese,2010-06-02,2013-06-01
20785,HANAFI BIN HAJI MAMAT,,male,bumiputera,2016-12-07,2019-12-06
20798,HOH KHAI MUN,1956.0,male,chinese,2015-05-29,2018-05-28
20801,HUSAIN BIN AWANG,1947.0,male,bumiputera,2018-07-17,2021-07-16
20802,HUSSIN BIN ISMAIL,,male,,2023-03-15,2026-03-14
20806,IBRAHIM SHAH BIN ABU SHAH,,male,bumiputera,2014-11-03,2017-11-02
20809,IDRIS JALA,,male,bumiputera,2012-09-03,2015-09-02
20814,ISA BIN AB. HAMID,,male,bumiputera,2016-04-18,2019-04-17
20815,ISAIAH A/L D.JACOB,,male,indian,2023-03-20,2026-03-19
20832,JAMILAH @ HALIMAH BINTI SULAIMAN,,female,bumiputera,2012-11-07,2015-11-06
20833,JASPAL SINGH A/L GURBAKHES SINGH,,male,indian,2011-11-02,2014-11-01
20834,JAZIRI ALKAF ABDILLAH SUFFIAN,,male,bumiputera,2020-12-21,2023-12-20
20836,JEFRIDIN BIN ATAN,,male,bumiputera,2020-09-13,2023-09-12
20840,JOHARI BIN MAT,1952.0,male,bumiputera,2011-07-07,2014-07-06
20841,JOHN AMBROSE,,male,bumiputera,2018-01-16,2021-01-15
20847,JUDIET BINTI FIDILIS @ NORAINI BINTI IDRIS,,female,bumiputera,2021-12-10,2024-12-09
20848,JUHANIS BINTI ABD AZIZ,,female,bumiputera,2021-08-25,2024-08-24
20856,KADZIM BIN M.YAHYA,,male,bumiputera,2011-12-22,2014-12-21
20864,KESAVADAS A/L  A. ACHYUTHAN NAIR,,male,indian,2019-03-20,2022-03-19
20865,KHAIRIAH BINTI MOHAMED,,female,bumiputera,2012-06-30,2015-06-29
20867,KHAIRUDIN BIN E.S. ABD SAMAD,,male,bumiputera,2013-10-07,2016-10-06
20868,KHAIRUL AZWAN BIN HARUN,1976.0,male,bumiputera,2016-12-07,2019-12-06
20875,KOH NAI KWONG,1961.0,male,chinese,2020-12-10,2023-12-09
20876,KOH TSU KOON,1950.0,male,chinese,2012-04-09,2015-04-08
20887,LEE TIAN SING,,male,chinese,2017-11-29,2020-11-28
20891,LIHAN JOK,,male,chinese,2011-12-07,2014-12-06
20897,LIM NGET YOON,,male,chinese,2012-05-22,2015-05-21
20898,LIM PAY HEN,,male,chinese,2017-12-04,2020-12-03
20900,LINGESHWARAN A/L DATO' SERI R. ARUNASALAM,,male,indian,2023-03-07,2026-03-06
20905,LOW KIAN CHUAN,,male,chinese,2023-03-20,2026-03-19
20906,LUCAS BIN UMBUL,,male,bumiputera,2012-12-10,2015-12-09
20930,MAGLIN A/L DENNIS D'CRUZ,,male,indian,2010-06-02,2013-06-01
20939,MANOLAN BIN MOHAMAD,,male,bumiputera,2018-08-27,2021-08-26
20942,MARIANY BINTI MOHAMMAD YIT,,female,bumiputera,2010-12-15,2013-12-14
20945,MASHITAH BINTI IBRAHIM,,female,bumiputera,2011-03-18,2014-03-17
20951,MAZNAH BINTI MAZLAN,,female,bumiputera,2011-04-18,2014-04-17
20952,MD NASIR BIN HASHIM,1958.0,male,bumiputera,2018-08-27,2021-08-26
20954,MEGAT ZULKARNAIN BIN TAN SRI DATUK WIRA HAJI OMARDIN,1969.0,male,bumiputera,2013-10-07,2016-10-06
20955,MICHAEL MUJAH LIHAN,,male,bumiputera,2023-12-11,2026-12-10
20958,MOHAMAD ALI BIN HAJI MOHAMAD,,male,bumiputera,2020-05-11,2023-05-10
20959,MOHAMAD FATMI BIN HJ. CHE SALLEH,1957.0,male,bumiputera,2022-04-25,2025-04-24
20966,MOHAMED HANIFFA BIN ABDULLAH,,male,bumiputera,2022-09-26,2025-09-25
20973,MOHAN A/L THANGARASU,,male,bumiputera,2017-11-16,2020-11-15
20975,MOHD APANDI BIN MOHAMAD,,male,bumiputera,2020-07-08,
20980,MOHD HASBIE BIN MUDA,,male,bumiputera,2023-03-20,2026-03-19
3333,MOHD HATTA BIN MD RAMLI,,male,bumiputera,2023-03-20,2026-03-19
20984,MOHD HISAMUDIN BIN YAHAYA,,male,bumiputera,2021-10-04,2024-10-03
20991,MOHD KHALID BIN AHMAD,,male,bumiputera,2012-04-25,2015-04-24
20993,MOHD NA'IM BIN MOKHTAR,,male,bumiputera,2022-12-03,2025-12-02
20999,MOHD NOR BIN HAJI MONUTTY,,male,bumiputera,2015-12-17,2018-12-16
1663,MOHD RADZI BIN SHEIKH AHMAD,1942.0,male,bumiputera,2020-06-16,2023-06-15
21013,MUHAMAD BIN MUSTAFA,,male,bumiputera,2017-07-08,2020-07-07
21012,MUHAMAD YUSOF BIN HUSIN,,male,bumiputera,2011-05-21,2014-05-20
21018,MUHAMMAD OLIAN BIN ABDULLAH,1971.0,male,bumiputera,2012-12-10,2015-12-09
21019,MUHAMMAD ZAHID BIN MD ARIP,1967.0,male,bumiputera,2020-06-16,2023-06-15
21023,MUJAHID BIN YUSOF,,male,bumiputera,2023-05-25,2026-05-24
21026,MUSODDAK BIN AHMAD,,male,bumiputera,2023-03-20,2026-03-19
21028,MUSTAPA KAMAL BIN MOHD YUSOFF,,male,bumiputera,2016-12-07,2019-12-06
21038,NALLAKARUPPAN A/L SOLAIMALAI,,male,indian,2011-11-02,2014-11-01
21044,NELSON A/L RENGANATHAN,,male,indian,2021-11-23,2024-11-22
21043,NELSON W ANGANG,,male,bumiputera,2024-05-16,2027-05-15
21045,NG CHIANG CHIN,,male,chinese,2014-09-10,2017-09-09
3663,NIK MOHAMAD ABDUH BIN NIK ABDUL AZIZ,,male,bumiputera,2023-07-08,2026-07-07
4336,NOORITA BINTI SUAL,1980.0,female,bumiputera,2023-03-20,2026-03-19
21062,NORLIZA BINTI ABDUL RAHIM,,female,bumiputera,2011-05-30,2014-05-29
21064,NUING ANAK JELUING,,male,bumiputera,2017-12-11,2020-12-10
3524,NUR JAZLAN BIN MOHAMAD,1966.0,male,bumiputera,2023-06-15,2026-06-14
21069,ONG CHONG SWEN,,female,chinese,2018-02-19,2021-02-18
21084,PAUL IGAI,,male,bumiputera,2017-12-04,2020-12-03
21085,PAUL LOW SENG KUAN,,male,chinese,2013-05-15,2016-05-14
21086,PELE PETER TINGGOM,,male,bumiputera,2024-03-05,2027-03-04
21095,RABIYAH BINTI ALI,,female,bumiputera,2016-12-07,2019-12-06
21098,RAHEMAH BINTI IDRIS,,female,bumiputera,2016-12-07,2019-12-06
21099,RAHIMAH BINTI HAJI MAHAMAD,,female,bumiputera,2014-03-31,2017-03-30
991,RAIS BIN YATIM,1943.0,male,bumiputera,2020-06-16,2023-06-15
21104,RAJA ROPIAAH BINTI RAJA ABDULLAH,,female,bumiputera,2012-04-09,2015-04-08
21108,RAS ADIBA BINTI MOHD RADZI,,female,bumiputera,2020-05-20,2023-05-19
21110,RAZALI BIN IDRIS,1967.0,male,bumiputera,2018-08-27,2021-08-26
21117,RITA SARIMAH ANAK PATRICK INSOL,,female,bumiputera,2020-06-22,2023-06-21
21119,ROBERT LAU HUI YEW,,male,chinese,2020-06-22,2023-06-21
21120,RODERICK WONG SIEW LEAD,1990.0,male,chinese,2023-03-20,2026-03-19
21123,ROHANI BINTI ABDULLAH,,female,bumiputera,2012-01-26,2015-01-25
21127,ROS SURYATI BINTI ALANG,,female,bumiputera,2022-09-26,2025-09-25
21129,ROSLIN BINTI ABDUL RAHMAN,,female,bumiputera,2012-05-22,2015-05-21
21131,ROSNI BINTI SOHAR,,female,bumiputera,2025-01-09,2028-01-08
21136,S. BAGIAM A/P AYEM PERUMAL,,female,indian,2011-08-22,2014-08-21
21138,SA. VIGNESWARAN,1966.0,male,indian,2014-06-23,2017-06-22
21150,SAAT BIN HJ ABU,,male,bumiputera,2011-11-15,2014-11-14
2615,SAIFUDDIN NASUTION BIN ISMAIL,1964.0,male,bumiputera,2022-12-03,2025-12-02
21153,SAIFUL IZHAM BIN RAMLI,,male,bumiputera,2011-05-21,2014-05-20
21156,SALEHUDDIN BIN SAIDIN,,male,bumiputera,2024-07-22,2027-07-21
21158,SAMBANTHAN A/L MANICKAM,,male,indian,2017-09-25,2020-09-24
21160,SARASWATHY A/P KANDASAMI,1968.0,female,indian,2022-12-10,2025-12-09
21162,SERUANDI BIN SAAD,,male,bumiputera,2021-08-26,2024-08-25
21170,SHAMSUDDIN BIN HJ. ABD GHAFFAR,,male,bumiputera,2021-12-20,2024-12-19
21178,SITI AISHAH BINTI SHAIK ISMAIL,1985.0,female,bumiputera,2015-06-02,2018-06-01
4128,SIVARAJ A/L CHANDRAN,1976.0,male,indian,2023-03-20,2026-03-19
21186,SOPIAH BINTI SHARIF,,female,bumiputera,2017-07-17,2020-07-16
21188,SUBRAMANIAM A/L VERUTHASALAM,,male,indian,2011-08-22,2014-08-21
21193,SUSAN CHEMERAI ANDING,,female,bumiputera,2020-06-22,2023-06-21
21196,SYED HUSIN ALI,,male,bumiputera,2012-12-17,2015-12-16
21197,SYED IBRAHIM BIN KADER,,male,bumiputera,2011-05-30,2014-05-29
21198,SYED SHAHIR BIN SYED MOHAMUD,1953.0,male,bumiputera,2012-06-01,2015-05-31
21219,TENGKU ZAFRUL BIN TENGKU ABDUL AZIZ,1973.0,male,bumiputera,2020-03-09,2022-11-03
21220,TEO ENG TEE @ TEO KOK CHEE,,male,chinese,2018-01-16,2021-01-15
21224,TI LIAN KER,,male,chinese,2018-08-10,2021-08-09
21229,VELL PAARI A/L SAMY VELLU,1938.0,male,indian,2020-09-02,2023-09-01
21241,WAN MARTINA BINTI WAN YUSOFF,,female,bumiputera,2021-08-24,2024-08-23
21263,YAHAYA BIN MAT GHANI @ ABBAS,,male,bumiputera,2013-10-07,2016-10-06
21265,YONG WUI CHUNG,,male,chinese,2017-08-22,2020-08-21
21268,YUNUS BIN HAJI KURUS,,male,bumiputera,2011-05-30,2014-05-29
21272,ZAHARI BIN SARIP,,male,bumiputera,2017-05-15,2020-05-14
21277,ZAIEDI BIN HAJI SUHAILI,,male,bumiputera,2016-07-19,2019-07-18
21280,ZAITUN BINTI MAT AMIN,,female,bumiputera,2012-06-08,2015-06-07
21283,ZAMBRY BIN ABDUL KADIR,1962.0,male,bumiputera,2022-12-03,2025-12-02
21287,ZULKIFLI BIN HASAN,,male,bumiputera,2023-12-12,2026-12-11
21286,ZULKIFLI MOHAMAD AL-BAKRI,,male,bumiputera,2020-03-09,
21291,ZURAINAH BINTI MUSA,,female,bumiputera,2021-12-22,2024-12-21
3265,AARON AGO ANAK DAGANG,1959.0,male,bumiputera,2008-03-08,
3325,AB AZIZ BIN AB KADIR,1963.0,male,bumiputera,2008-03-08,2013-04-03
3856,AB. AZIZ BIN KAPRAWI,1960.0,male,bumiputera,2013-05-05,2018-04-07
3313,AB. HALIM BIN AB. RAHMAN,1940.0,male,bumiputera,2008-03-08,2013-04-03
3310,ABD AZIZ BIN SHEIKH FADZIR,1963.0,male,bumiputera,2013-05-05,2018-04-07
4423,ABD GHANI BIN AHMAD,1970.0,male,bumiputera,2022-11-19,
3467,ABD KHALID BIN IBRAHIM,1947.0,male,bumiputera,2008-03-08,2018-04-07
3533,ABD RAHIM BIN BAKRI,1961.0,male,bumiputera,2008-03-08,2022-10-10
1712,ABD. HADI BIN AWANG,1947.0,male,bumiputera,2008-03-08,
3512,ABD. LATIFF BIN AHMAD,1959.0,male,bumiputera,2008-03-08,2022-10-10
3421,ABD. RAHMAN BIN BAKRI,1966.0,male,bumiputera,2008-03-08,2013-04-03
3305,ABDUL AZEEZ BIN ABDUL RAHIM,1967.0,male,bumiputera,2013-05-05,2022-10-10
3238,ABDUL GHAPUR BIN SALLEH,1943.0,male,bumiputera,2008-03-08,2018-04-07
4756,ABDUL KHALIB BIN ABDULLAH,1959.0,male,bumiputera,2022-11-19,
4043,ABDUL LATIFF BIN ABDUL RAHMAN,1972.0,male,bumiputera,2018-05-09,
3411,ABDUL MANAN BIN ISMAIL,1949.0,male,bumiputera,2008-03-08,2013-04-03
3538,ABDUL RAHMAN BIN DAHLAN,1966.0,male,bumiputera,2008-03-08,2018-04-07
3752,ABDUL RAHMAN BIN MOHAMAD,1962.0,male,bumiputera,2013-05-05,
3613,ABDUL WAHAB BIN HAJI DOLAH,1951.0,male,bumiputera,2008-03-08,2018-04-07
2655,ABDULLAH BIN HAJI AHMAD BADAWI,1940.0,male,bumiputera,2008-03-08,2013-04-03
3336,ABDULLAH BIN MD ZIN,1947.0,male,bumiputera,2008-03-08,2013-04-03
3451,ABDULLAH SANI BIN ABDUL HAMID,1962.0,male,bumiputera,2008-03-08,2022-10-10
3844,ABU BAKAR BIN MOHAMAD DIAH,1959.0,male,bumiputera,2013-05-05,2018-04-07
3286,ABU BAKAR BIN TAIB,1943.0,male,bumiputera,2008-03-08,2013-04-03
3483,ABU SEMAN BIN HAJI YUSOP,1944.0,male,bumiputera,2008-03-08,2013-04-03
4949,ADAM ADLI BIN ABD HALIM,1989.0,male,bumiputera,2022-11-19,
4284,ADHAM BIN BABA,1963.0,male,bumiputera,2018-05-09,2022-10-10
4941,ADLY BIN ZAHARI,1971.0,male,bumiputera,2022-11-19,
4922,ADNAN BIN ABU HASSAN,1970.0,male,bumiputera,2022-11-19,
3468,ADNAN BIN TENGKU MANSOR,1951.0,male,bumiputera,2008-03-08,2022-10-10
4438,AFNAN HAMIMI BIN DATO' HAJI TAIB AZAMUDDEN,1981.0,male,bumiputera,2022-11-19,
4052,AHMAD AMZAD BIN MOHAMED @ HASHIM,1970.0,male,bumiputera,2018-05-09,
3665,AHMAD BAIHAKI BIN ATIQULLAH,1974.0,male,bumiputera,2013-05-05,2018-04-07
3491,AHMAD BIN HAJI HAMZAH,1949.0,male,bumiputera,2008-03-08,2022-10-10
3527,AHMAD BIN HAJI MASLAN,1966.0,male,bumiputera,2008-03-08,
4322,AHMAD BIN HASSAN,1961.0,male,bumiputera,2018-05-09,2022-10-10
3295,AHMAD BIN KASIM,1964.0,male,bumiputera,2008-03-08,2013-04-03
4434,AHMAD BIN SAAD @ YAHAYA,1975.0,male,bumiputera,2022-11-19,
4027,AHMAD FADHLI BIN SHAARI,1981.0,male,bumiputera,2018-05-09,
4219,AHMAD FAHMI BIN MOHAMED FADZIL,1981.0,male,bumiputera,2018-05-09,
4104,AHMAD FAIZAL BIN AZUMU,1971.0,male,bumiputera,2018-05-09,2022-10-10
4447,AHMAD FAKHRUDDIN BIN FAKHRURAZI,1971.0,male,bumiputera,2022-11-19,
3815,AHMAD FAUZI BIN ZAHARI,1964.0,male,bumiputera,2013-05-05,2018-04-07
3380,AHMAD HUSNI BIN MOHAMAD HANADZLAH,1953.0,male,bumiputera,2008-03-08,2018-04-07
3673,AHMAD JAZLAN BIN YAAKUB,1965.0,male,bumiputera,2013-05-05,2022-10-10
4388,AHMAD JOHNIE BIN HAJI ZAWAWI,1962.0,male,bumiputera,2018-05-09,
3624,AHMAD LAI BIN BUJANG,1950.0,male,bumiputera,2008-03-08,2018-04-07
3667,AHMAD MARZUK BIN SHAARY,1976.0,male,bumiputera,2013-05-05,
3756,AHMAD NAZLAN BIN IDRIS,1958.0,male,bumiputera,2013-05-05,2022-10-10
4568,AHMAD SAMSURI BIN MOKHTAR,1971.0,male,bumiputera,2022-11-19,
2986,AHMAD SHABERY BIN CHEEK,1959.0,male,bumiputera,2008-03-08,2018-04-07
4008,AHMAD TARMIZI BIN SULAIMAN,1977.0,male,bumiputera,2018-05-09,
4856,AHMAD YUNUS BIN HAIRI,1965.0,male,bumiputera,2022-11-19,
2393,AHMAD ZAHID BIN HAMIDI,1953.0,male,bumiputera,2008-03-08,
4289,AKMAL NASRULLAH BIN MOHD NASIR,1986.0,male,bumiputera,2018-05-09,
2903,ALEXANDER NANTA LINGGI,1958.0,male,bumiputera,2008-03-08,
3958,ALI ANAK BIJU,1968.0,male,bumiputera,2018-05-09,
4549,ALIAS BIN RAZAK,1959.0,male,bumiputera,2022-11-19,
3967,ALICE LAU KIONG YIENG,1981.0,female,chinese,2013-05-05,
4986,AMINOLHUDA BIN HASSAN,1959.0,male,bumiputera,2022-11-19,
4933,AMINUDDIN BIN HARUN,1967.0,male,bumiputera,2022-11-19,
3992,AMIRUDDIN BIN HAJI HAMZAH,1962.0,male,bumiputera,2018-05-09,2022-10-10
4785,AMIRUDIN BIN SHARI,1980.0,male,bumiputera,2022-11-19,
3327,AMRAN BIN AB GHANI,1974.0,male,bumiputera,2008-03-08,2013-04-03
5148,ANDI MUHAMMAD SURYADY BIN BANDY,1981.0,male,bumiputera,2022-11-19,
3558,ANIFAH BIN HAJI AMAN,1954.0,male,bumiputera,2008-03-08,2018-04-07
3324,ANNUAR BIN HAJI MUSA,1956.0,male,bumiputera,2013-05-05,2022-10-10
3849,ANUAR BIN ABD. MANAP,1977.0,male,bumiputera,2013-05-05,2018-04-07
1426,ANWAR BIN IBRAHIM,1952.0,male,bumiputera,2008-03-08,
3978,ANYI NGAU,1958.0,male,bumiputera,2013-05-05,
5081,ARMIZAN BIN MOHD ALI,1976.0,male,bumiputera,2022-11-19,
4340,ARTHUR JOSEPH KURUP,1983.0,male,bumiputera,2018-05-09,
4003,AWANG BIN HASHIM,1964.0,male,bumiputera,2018-05-09,
4317,AWANG HUSAINI BIN SAHARI,1967.0,male,bumiputera,2018-05-09,2022-10-10
3518,AZALINA BINTI DATO' OTHMAN SAID,1964.0,female,bumiputera,2008-03-08,
3409,AZAN BIN ISMAIL,1961.0,male,bumiputera,2008-03-08,2022-10-10
9999995,AZHAR AZIZAN HARUN,1962.0,male,bumiputera,2018-05-09,2022-10-10
3903,AZIZAH BINTI DATUK SERI PANGLIMA HAJI MOHD DUN,1955.0,female,bumiputera,2013-05-05,2022-10-10
4829,AZLI BIN YUSOF,1967.0,male,bumiputera,2022-11-19,
4471,AZMAN BIN NASRUDIN,1972.0,male,bumiputera,2022-11-19,
2289,AZMI BIN KHALID,1941.0,male,bumiputera,2008-03-08,2013-04-03
3492,BAHARUM BIN HAJI MOHAMED,1957.0,male,bumiputera,2008-03-08,2013-04-03
4946,BAKRI BIN JAMALUDDIN,1965.0,male,bumiputera,2022-11-19,
3981,BARU BIAN,1958.0,male,bumiputera,2018-05-09,2022-10-10
1898,BERNARD GILUK DOMPOK,1950.0,male,bumiputera,2008-03-08,2013-04-03
2265,BILLY ABIT JOO,1950.0,male,bumiputera,2008-03-08,2013-04-03
4161,BUDIMAN BIN MOHD ZOHDI,1972.0,male,bumiputera,2013-05-05,2018-04-07
2861,BUNG MOKTAR BIN RADIN,1960.0,male,bumiputera,2008-03-08,
4238,CHA KEE CHIN,1974.0,male,chinese,2018-05-09,
3587,CHAN FOONG HIN,1979.0,male,chinese,2018-05-09,
4000,CHAN MING KAI,1981.0,male,bumiputera,2018-05-09,2022-10-10
4126,CHANG LIH KANG,1980.0,male,chinese,2018-05-09,
3447,CHARLES ANTHONY A/L R. SANTIAGO,1961.0,male,indian,2008-03-08,2022-10-10
4022,CHE ABDULLAH BIN MAT NAWI,1961.0,male,bumiputera,2018-05-09,2022-10-10
3678,CHE MOHAMAD ZULKIFLY BIN JUSOH,1960.0,male,bumiputera,2013-05-05,2018-04-07
3678,CHE MOHAMAD ZULKIFLY BIN JUSOH,1960.0,male,bumiputera,2022-11-19,
3433,CHE ROSLI BIN CHE MAT,1952.0,male,bumiputera,2008-03-08,2018-04-07
3300,CHE UDA BIN CHE NIK,1949.0,male,bumiputera,2008-03-08,2013-04-03
5212,CHIEW CHOON MAN,1991.0,male,chinese,2022-11-19,
2874,CHONG CHIENG JEN,1971.0,male,chinese,2008-03-08,
2661,CHONG ENG,1958.0,female,chinese,2008-03-08,2013-04-03
4674,CHONG ZHEMIN,1985.0,male,chinese,2022-11-19,
1981,CHOR CHEE HEUNG,1955.0,male,chinese,2008-03-08,2013-04-03
2665,CHOW KON YEOW,1958.0,male,chinese,2008-03-08,2013-04-03
2665,CHOW KON YEOW,1958.0,male,chinese,2018-05-09,
4713,CHOW YU HUI,1983.0,male,chinese,2022-11-19,
2550,CHUA SOON BUI,1955.0,female,chinese,2008-03-08,2013-04-03
3493,CHUA TEE YONG,1977.0,male,chinese,2008-03-08,2018-04-07
2789,CHUA TIAN CHANG,1964.0,male,chinese,2008-03-08,2018-04-07
4241,DANYAL BALAGOPAL ABDULLAH,1951.0,male,indian,2018-05-09,2022-10-10
3928,DATU NASRUN BIN DATU MANSUR,1953.0,male,bumiputera,2013-05-05,2018-04-07
20742,DATUK ZAMANI BIN HJ. SULAIMAN,,male,bumiputera,2008-03-08,2013-04-03
3402,DEVAMANY A/L S.KRISHNASAMY,1958.0,male,indian,2008-03-08,2013-04-03
3615,DING KUONG HIING,1955.0,male,chinese,2008-03-08,2013-04-03
3254,DOUGLAS UGGAH EMBAS,1956.0,male,bumiputera,2008-03-08,2018-04-07
3424,DZULKEFLY AHMAD,1956.0,male,bumiputera,2008-03-08,2013-04-03
3424,DZULKEFLY AHMAD,1956.0,male,bumiputera,2018-05-09,
4234,EDDIN SYAZLEE BIN SHITH,1974.0,male,bumiputera,2018-05-09,2022-10-10
5203,EDWIN ANAK BANTA,1965.0,male,bumiputera,2022-11-19,
3544,ENCHIN BIN MAJIMBUN @ ERIC,1950.0,male,bumiputera,2008-03-08,2013-04-03
3497,ER TECK HWA,1973.0,male,chinese,2008-03-08,2018-04-07
5073,EWON BENEDICK,1983.0,male,bumiputera,2022-11-19,
3907,EWON EBIN,1955.0,male,bumiputera,2013-05-05,2018-04-07
4593,FADHLINA BINTI SIDEK,1977.0,female,bumiputera,2022-11-19,
3242,FADILAH BIN HAJI YUSOF,1962.0,male,bumiputera,2008-03-08,
4620,FATHUL HUZIR BIN AYOB,1983.0,male,bumiputera,2022-11-19,
2404,FAUZI ABDUL RAHMAN,1947.0,male,bumiputera,2013-05-05,2018-04-07
2471,FONG CHAN ONN,1944.0,male,chinese,2008-03-08,2013-04-03
2128,FONG KUI LUN,1946.0,male,chinese,2008-03-08,
2692,FONG PO KUAN,1974.0,female,chinese,2008-03-08,2013-04-03
4844,GANABATIRAU A/L VERAMAN,1973.0,male,bumiputera,2022-11-19,
5103,GAPARI BIN KATINGAN@ GEOFFREY KITINGAN,1947.0,male,bumiputera,2018-05-09,
3308,GOBALAKRISHNAN A/L NAGAPAN,1960.0,male,indian,2008-03-08,2013-04-03
3436,GOBIND SINGH DEO,1973.0,male,other,2008-03-08,
3294,GOOI HSIAO-LEUNG,1973.0,male,chinese,2013-05-05,2018-04-07
3438,GWO-BURNE LOH,1974.0,male,bumiputera,2008-03-08,2013-04-03
4836,HALIMAH ALI,1960.0,female,bumiputera,2022-11-19,
3515,HALIMAH BINTI MOHAMED SADIQUE,1962.0,female,bumiputera,2008-03-08,2022-10-10
3153,HAMIM BIN SAMURI,1958.0,male,bumiputera,2008-03-08,2018-04-07
3371,HAMZAH BIN ZAINUDIN,1957.0,male,bumiputera,2008-03-08,
4397,HANIFAH HAJAR TAIB,1972.0,female,bumiputera,2018-05-09,
4212,HANNAH YEOH,1979.0,female,chinese,2018-05-09,
4157,HASAN BIN ARIFIN,1953.0,male,bumiputera,2013-05-05,2022-10-10
4242,HASAN BIN BAHROM,1956.0,male,bumiputera,2018-05-09,2022-10-10
3474,HASAN BIN MALEK,1946.0,male,bumiputera,2008-03-08,2018-04-07
4177,HASANUDDIN BIN MOHD YUNUS,1965.0,male,bumiputera,2018-05-09,2022-10-10
3627,HASBI BIN HABIBOLLAH,1963.0,male,bumiputera,2008-03-08,
3717,HASBULLAH BIN OSMAN,1957.0,male,bumiputera,2013-05-05,2022-10-10
4997,HASNI BIN MOHAMMAD,1959.0,male,bumiputera,2022-11-19,
1860,HASSAN BIN ABDUL KARIM,1951.0,male,bumiputera,2018-05-09,
4470,HASSAN BIN SAAD,1957.0,male,bumiputera,2022-11-19,
3440,HEE LOY SIAN,1971.0,male,chinese,2008-03-08,2018-04-07
2912,HENRY SUM AGONG,1946.0,male,bumiputera,2008-03-08,
3203,HIEW KING CHEU,1952.0,male,chinese,2008-03-08,2013-04-03
3714,HILMI BIN YAHAYA,1949.0,male,bumiputera,2013-05-05,2018-04-07
3510,HISHAMMUDDIN BIN DATUK HUSSEIN,1961.0,male,bumiputera,2008-03-08,
3509,HOU KOK CHUNG,1963.0,male,chinese,2008-03-08,2013-04-03
4390,HUANG TIONG SII,1969.0,male,chinese,2022-11-19,
4031,IBHARIM BIN TUAN MAN,1961.0,male,bumiputera,2018-05-09,
1692,IBRAHIM ALI,1951.0,male,bumiputera,2008-03-08,2013-04-03
2922,IDRIS BIN HAJI AHMAD,1964.0,male,bumiputera,2013-05-05,2018-04-07
2922,IDRIS BIN HAJI AHMAD,1964.0,male,bumiputera,2022-11-19,
3487,IDRIS BIN HAJI HARON,1967.0,male,bumiputera,2008-03-08,2013-04-03
3676,IDRIS BIN JUSOH,1956.0,male,bumiputera,2013-05-05,2022-10-10
3898,IGNATIUS DORELL LEIKING,1971.0,male,bumiputera,2013-05-05,2022-10-10
3670,IKMAL HISHAM BIN ABDUL AZIZ,1965.0,male,bumiputera,2013-05-05,
3775,IRMOHIZAM BIN HAJI IBRAHIM,1976.0,male,bumiputera,2013-05-05,2018-04-07
4663,ISKANDAR DZULKARNAIN BIN ABDUL KHALID,1976.0,male,bumiputera,2022-11-19,
3413,ISMAIL BIN ABD. MUTTALIB,1955.0,male,bumiputera,2008-03-08,
3648,ISMAIL BIN DAUT,1956.0,male,bumiputera,2013-05-05,2018-04-07
1613,ISMAIL BIN HAJI MOHAMED SAID,1966.0,male,bumiputera,2008-03-08,2022-10-10
3285,ISMAIL BIN KASIM,1960.0,male,bumiputera,2008-03-08,2013-04-03
3061,ISMAIL SABRI BIN YAAKOB,1960.0,male,bumiputera,2008-03-08,
3882,ISNARAISSAH MUNIRAH BT MAJILIS @ FAKHARUDY,1982.0,female,bumiputera,2018-05-09,
3659,IZANI BIN HUSIN,1963.0,male,bumiputera,2013-05-05,2018-04-07
2586,JACOB DUNGAU SAGAN,1947.0,male,bumiputera,2008-03-08,2013-04-03
3684,JAILANI BIN JOHARI,1966.0,male,bumiputera,2013-05-05,2018-04-07
4227,JALALUDDIN BIN ALIAS,1963.0,male,bumiputera,2018-05-09,
3420,JAMALUDIN BIN DATO' MOHD JARJIS,1952.0,male,bumiputera,2008-03-08,2018-04-07
4688,JAMALUDIN BIN YAHYA,1971.0,male,bumiputera,2022-11-19,
3599,JAMES DAWOS MAMIT,1949.0,male,bumiputera,2008-03-08,2018-04-07
3646,JAMIL KHIR BIN BAHAROM (B),1962.0,male,bumiputera,2013-05-05,2018-04-07
3361,JEFF OOI CHUAN AUN,1956.0,male,chinese,2008-03-08,2018-04-07
3610,JELAING ANAK MERSAT,1949.0,male,bumiputera,2008-03-08,2013-04-03
5015,JIMMY PUAH WEE TSE,1976.0,male,chinese,2022-11-19,
3304,JOHARI BIN ABDUL,1955.0,male,bumiputera,2008-03-08,
3816,JOHARI BIN ABDUL GHANI,1964.0,male,bumiputera,2013-05-05,2018-04-07
3816,JOHARI BIN ABDUL GHANI,1964.0,male,bumiputera,2022-11-19,
3473,JOHN A/L FERNANDEZ,1942.0,male,indian,2008-03-08,2013-04-03
3537,JOHNITY @ MAXIMUS BIN ONGKILI,1954.0,male,bumiputera,2008-03-08,2022-10-10
3566,JONATHAN BIN YASIN,1968.0,male,bumiputera,2018-05-09,
3270,JOSEPH ENTULU ANAK BELAUN,1955.0,male,bumiputera,2008-03-08,2018-04-07
3573,JOSEPH KURUP,1945.0,male,bumiputera,2008-03-08,2018-04-07
1895,JOSEPH PAIRIN KITINGAN,1941.0,male,bumiputera,2008-03-08,2018-04-07
2894,JOSEPH SALANG ANAK GANDUM,1950.0,male,bumiputera,2008-03-08,2018-04-07
3945,JULIAN TAN KOK PING,1979.0,male,chinese,2013-05-05,2018-04-07
3892,JUMAT HAJI IDRIS,1958.0,male,bumiputera,2013-05-05,2018-04-07
4163,JUNE LEOW HSIAD HUI,1965.0,female,chinese,2018-05-09,2022-10-10
3226,JUSLIE AJIROL,1954.0,male,bumiputera,2008-03-08,2018-04-07
4759,KALAM BIN SALAN,1965.0,male,bumiputera,2022-11-19,
4741,KAMAL BIN ASHAARI,1970.0,male,bumiputera,2022-11-19,
3772,KAMALANATHAN A/L PANCHANATHAN,1966.0,male,indian,2008-03-08,2018-04-07
3311,KAMARUDIN BIN JAFFAR,1952.0,male,bumiputera,2008-03-08,2022-10-10
3480,KAMARUL BAHARIN BIN ABBAS,1948.0,male,bumiputera,2008-03-08,2018-04-07
848,KARPAL SINGH A/L RAM SINGH,1941.0,male,other,2008-03-08,2018-04-07
4016,KARUPAIYA A/L MUTUSAMI,1953.0,male,indian,2018-05-09,2022-10-10
3701,KASTHURIRAANI A/P PATTO,1980.0,female,indian,2013-05-05,2022-10-10
4367,KELVIN YII LEE WUEN,1986.0,male,chinese,2018-05-09,
4102,KESAVAN A/L SUBRAMANIAM,1972.0,male,indian,2018-05-09,
4719,KHAIRIL NIZAM BIN KHIRUDIN,1979.0,male,bumiputera,2022-11-19,
5127,KHAIRUL FIRDAUS BIN AKBAR KHAN,1983.0,male,bumiputera,2022-11-19,
3478,KHAIRY JAMALUDDIN,1976.0,male,bumiputera,2008-03-08,2022-10-10
3095,KHALID BIN ABD SAMAD,1957.0,male,bumiputera,2008-03-08,2022-10-10
4516,KHLIR BIN MOHD NOR,1958.0,male,bumiputera,2022-11-19,
4252,KHOO POAY TIONG,1971.0,male,chinese,2018-05-09,
3866,KHOO SOO SEANG,1945.0,male,chinese,2013-05-05,2018-04-07
3740,KO CHUNG SEN,1969.0,male,chinese,2013-05-05,2018-04-07
2706,KONG CHO HA,1951.0,male,chinese,2008-03-08,2013-04-03
4425,KU ABD RAHMAN BIN KU ISMAIL,1952.0,male,bumiputera,2022-11-19,
3562,LAJIM BIN HAJI UKIN,1956.0,male,bumiputera,2008-03-08,2013-04-03
3956,LARRY SOON @ LARRY SNG WEI SHIEN,1979.0,male,chinese,2018-05-09,
3391,LEE BOON CHYE,1960.0,male,chinese,2008-03-08,2022-10-10
4821,LEE CHEAN CHUNG,1981.0,male,chinese,2022-11-19,
3390,LEE CHEE LEONG,1957.0,male,chinese,2008-03-08,2013-04-03
4657,LEE CHUAN HOW,1983.0,male,chinese,2022-11-19,
3507,LIANG TECK MENG,1972.0,male,chinese,2008-03-08,2018-04-07
3204,LIEW CHIN JIN,1952.0,female,chinese,2018-05-09,2022-10-10
3357,LIEW CHIN TONG,1977.0,male,chinese,2008-03-08,2018-04-07
3357,LIEW CHIN TONG,1977.0,male,chinese,2022-11-19,
3581,LIEW VUI KEONG,1960.0,male,chinese,2008-03-08,2013-04-03
3581,LIEW VUI KEONG,1960.0,male,chinese,2018-05-09,2022-10-10
3470,LILAH BIN YASIN,1958.0,male,bumiputera,2008-03-08,2013-04-03
1839,LIM GUAN ENG,1961.0,male,chinese,2008-03-08,
4601,LIM HUI YING,1963.0,female,chinese,2022-11-19,
698,LIM KIT SIANG,1941.0,male,chinese,2008-03-08,2022-10-10
3456,LIM LIP ENG,1972.0,male,chinese,2008-03-08,
3922,LINDA TSEN THAU LIN,1957.0,male,chinese,2008-03-08,2018-04-07
2721,LIOW TIONG LAI,1962.0,male,chinese,2008-03-08,2018-04-07
5146,LO SU FUI,1981.0,male,chinese,2022-11-19,
3460,LO' LO' BINTI HJ MOHAMAD GHAZALI,1958.0,female,bumiputera,2008-03-08,2013-04-03
3477,LOKE SIEW FOOK,1977.0,male,chinese,2008-03-08,
4403,LUKANISMAN BIN AWANG SAUNI,1982.0,male,bumiputera,2018-05-09,
3383,M. KULASEGARAN,1957.0,male,indian,2008-03-08,
3393,M. SARAVANAN,1968.0,male,indian,2008-03-08,
4360,MA'MUN BIN SULAIMAN,1965.0,male,bumiputera,2018-05-09,2022-10-10
3888,MADIUS BIN TANGAU,1958.0,male,bumiputera,2013-05-05,
2709,MAH SIEW KEONG,1962.0,male,chinese,2013-05-05,2018-04-07
375,MAHATHIR BIN MOHAMAD,1926.0,male,bumiputera,2018-05-09,2022-10-10
3641,MAHDZIR BIN KHALID,1961.0,male,bumiputera,2013-05-05,2022-10-10
2928,MAHFUZ BIN HAJI OMAR,1958.0,male,bumiputera,2008-03-08,2022-10-10
2797,MAHIADDIN BIN HAJI MD YASIN,1947.0,male,bumiputera,2008-03-08,
3547,MAKIN @ MARCUS MOJIGOH,1953.0,male,bumiputera,2008-03-08,2018-04-07
3446,MANIKAVASAGAM A/L SUNDARAM,1966.0,male,indian,2008-03-08,2013-04-03
3798,MANIVANNAN A/L GOWINDASAMY,1975.0,male,indian,2013-05-05,2018-04-07
5007,MANNDZRI BIN HAJI NASIB,1980.0,male,bumiputera,2022-11-19,
3398,MANOGARAN A/L MARIMUTHU,1960.0,male,indian,2008-03-08,2013-04-03
3647,MANSOR BIN ABDUL RAHMAN,1961.0,male,bumiputera,2013-05-05,2018-04-07
3705,MANSOR BIN OTHMAN,1950.0,male,bumiputera,2013-05-05,2022-10-10
4186,MARIA CHIN BINTI ABDULLAH,1957.0,female,bumiputera,2018-05-09,2022-10-10
3932,MARY YAP KAIN CHING @ YAP KEN JIN,1951.0,female,chinese,2013-05-05,2018-04-07
3840,MAS ERMIEYATI BINTI HAJI SAMSUDIN,1976.0,female,bumiputera,2013-05-05,
3607,MASIR ANAK KUJAT,1955.0,male,bumiputera,2008-03-08,2022-10-10
4109,MASTURA BINTI TAN SRI DATO' MOHD YAZID,1962.0,female,bumiputera,2013-05-05,2022-10-10
4276,MASZLEE BIN MALIK,1975.0,male,bumiputera,2018-05-09,2022-10-10
5093,MATBALI BIN MUSAH,1969.0,male,bumiputera,2022-11-19,
3346,MATULIDI BIN JUSOH,1958.0,male,bumiputera,2008-03-08,2013-04-03
3488,MD SIRAT BIN ABU,1960.0,male,bumiputera,2008-03-08,2013-04-03
3019,MICHAEL JEYAKUMAR DEVARAJ,1955.0,male,indian,2008-03-08,2018-04-07
3625,MICHAEL TEO YU KENG,1948.0,male,chinese,2013-05-05,2022-10-10
5082,MOHAMAD BIN ALAMIN,1972.0,male,bumiputera,2018-05-09,
3505,MOHAMAD BIN HAJI AZIZ,1941.0,male,bumiputera,2008-03-08,2013-04-03
4925,MOHAMAD BIN HAJI HASAN,1956.0,male,bumiputera,2022-11-19,
2932,MOHAMAD BIN SABU,1955.0,male,bumiputera,2018-05-09,
3745,MOHAMAD IMRAN BIN ABDUL HAMID (B),1955.0,male,bumiputera,2013-05-05,2018-04-07
5171,MOHAMAD SHAFIZAN HAJI KEPLI,1985.0,male,bumiputera,2022-11-19,
3403,MOHAMAD SHAHRUM BIN OSMAN,1954.0,male,bumiputera,2008-03-08,2013-04-03
2224,MOHAMADDIN BIN KETAPI,1958.0,male,bumiputera,2018-05-09,2022-10-10
3428,MOHAMED AZMIN BIN ALI,1965.0,male,bumiputera,2008-03-08,2022-10-10
2501,MOHAMED HANIPA BIN MAIDIN,1969.0,male,bumiputera,2013-05-05,2022-10-10
2187,MOHAMED KHALED BIN HAJI NORDIN,1959.0,male,bumiputera,2008-03-08,2013-04-03
2187,MOHAMED KHALED BIN HAJI NORDIN,1959.0,male,bumiputera,2022-11-19,
2368,MOHAMED NAZRI BIN ABDUL AZIZ,1954.0,male,bumiputera,2008-03-08,2022-10-10
9999990,MOHAMMAD NIZAR BIN JAMALUDDIN,1960.0,male,bumiputera,2008-03-08,2013-04-03
5137,MOHAMMAD YUSOF BIN APDAL,1960.0,male,bumiputera,2022-11-19,
4463,MOHAMMED TAUFIQ BIN JOHARI,1996.0,male,bumiputera,2022-11-19,
3342,MOHD ABDUL WAHID BIN HAJI ENDUT,1950.0,male,bumiputera,2008-03-08,2013-04-03
3754,MOHD ARIFF SABRI BIN ABDUL AZIZ,1957.0,male,bumiputera,2013-05-05,2018-04-07
4314,MOHD AZIS BIN JAMMAN,1975.0,male,bumiputera,2018-05-09,2022-10-10
4539,MOHD AZIZI BIN ABU NAIM,1972.0,male,bumiputera,2022-11-19,
3529,MOHD FARID MOHD RAFIK,1977.0,male,bumiputera,2008-03-08,2022-10-10
3529,MOHD FARID MOHD RAFIK,1977.0,male,bumiputera,2018-05-09,
3768,MOHD FASIAH BIN MOHD FAKEH,1956.0,male,bumiputera,2013-05-05,2022-10-10
3298,MOHD FIRDAUS BIN JAAFAR,1974.0,male,bumiputera,2008-03-08,2013-04-03
4770,MOHD HASNIZAN BIN HARUN,1970.0,male,bumiputera,2022-11-19,
2934,MOHD HAYATI BIN OTHMAN,1958.0,male,bumiputera,2008-03-08,2013-04-03
3857,MOHD IDRIS BIN JUSI,1945.0,male,bumiputera,2013-05-05,2018-04-07
3830,MOHD ISA BIN ABDUL SAMAD,1950.0,male,bumiputera,2013-05-05,2018-04-07
4934,MOHD ISAM BIN MOHD ISA,1969.0,male,bumiputera,2022-11-19,
3338,MOHD JIDIN BIN SHAFEE,1955.0,male,bumiputera,2008-03-08,2013-04-03
3290,MOHD JOHARI BIN BAHARUM,1954.0,male,bumiputera,2008-03-08,2018-04-07
3680,MOHD KHAIRUDDIN BIN AMAN RAZALI,1974.0,male,bumiputera,2013-05-05,2022-10-10
4630,MOHD MISBAHUL MUNIR BIN MASDUKI,1963.0,male,bumiputera,2022-11-19,
1216,MOHD NAJIB BIN TUN ABD RAZAK,1954.0,male,bumiputera,2008-03-08,2022-10-10
3340,MOHD NASIR BIN IBRAHIM FIKRI,1957.0,male,bumiputera,2008-03-08,2013-04-03
3292,MOHD NASIR BIN ZAKARIA,1976.0,male,bumiputera,2008-03-08,2013-04-03
4461,MOHD NAZRI BIN ABU HASSAN,1970.0,male,bumiputera,2022-11-19,
3388,MOHD NIZAR BIN HAJI ZAKARIA,1969.0,male,bumiputera,2008-03-08,2013-04-03
3388,MOHD NIZAR BIN HAJI ZAKARIA,1969.0,male,bumiputera,2018-05-09,2022-10-10
3345,MOHD NOR BIN OTHMAN,1953.0,male,bumiputera,2008-03-08,2013-04-03
3506,MOHD PUAD BIN ZARKASHI,1958.0,male,bumiputera,2008-03-08,2013-04-03
3779,MOHD RAFIZI BIN RAMLI,1977.0,male,bumiputera,2013-05-05,2018-04-07
3779,MOHD RAFIZI BIN RAMLI,1977.0,male,bumiputera,2022-11-19,
4273,MOHD RASHID HASNON,1960.0,male,bumiputera,2018-05-09,2022-10-10
4247,MOHD REDZUAN BIN MD. YUSOF,1957.0,male,bumiputera,2018-05-09,2022-10-10
4230,MOHD SALIM SHARIF,1965.0,male,bumiputera,2018-05-09,2022-10-10
4799,MOHD SANY BIN HAMZAN,1977.0,male,bumiputera,2022-11-19,
3585,MOHD SHAFIE BIN APDAL,1957.0,male,bumiputera,2008-03-08,
4140,MOHD SHAHAR BIN ABDULLAH,1980.0,male,bumiputera,2013-05-05,
4420,MOHD SUHAIMI BIN HAJI ABDULLAH,1976.0,male,bumiputera,2022-11-19,
4509,MOHD SYAHIR BIN CHE SULAIMAN,1983.0,male,bumiputera,2022-11-19,
3366,MOHD YUSMADI BIN MOHD YUSOFF,1975.0,male,bumiputera,2008-03-08,2013-04-03
3738,MOHD ZAIM BIN ABU HASAN,1951.0,male,bumiputera,2013-05-05,2018-04-07
3452,MOHD ZIN BIN MOHAMED,1954.0,male,bumiputera,2008-03-08,2013-04-03
4152,MOHD. ANUAR MOHD. TAHIR,1953.0,male,bumiputera,2018-05-09,2022-10-10
3372,MOHSIN FADZLI BIN HAJI SAMSURI,1946.0,male,bumiputera,2008-03-08,2013-04-03
5153,MORDI ANAK BIMOL,1985.0,male,bumiputera,2022-11-19,
3940,MORDI BIMOL,1985.0,male,bumiputera,2018-05-09,2022-10-10
3715,MUHAMMAD BAKHTIAR BIN WAN CHIK,1965.0,male,bumiputera,2018-05-09,
3330,MUHAMMAD BIN HUSAIN,1952.0,male,bumiputera,2008-03-08,2013-04-03
4584,MUHAMMAD FAWWAZ BIN MOHAMAD JAN,1983.0,male,bumiputera,2022-11-19,
5004,MUHAMMAD ISLAHUDDIN BIN ABAS,1988.0,male,bumiputera,2022-11-19,
4669,MUHAMMAD ISMI BIN MAT TAIB,1974.0,male,bumiputera,2022-11-19,
1644,MUHAMMAD LEO MICHAEL TOYAD ABDULLAH,1950.0,male,bumiputera,2008-03-08,2018-04-07
2990,MUJAHID BIN YUSOF RAWA,1965.0,male,bumiputera,2008-03-08,2022-10-10
3288,MUKHRIZ BIN TUN MAHATHIR,1964.0,male,bumiputera,2008-03-08,2013-04-03
3288,MUKHRIZ BIN TUN MAHATHIR,1964.0,male,bumiputera,2018-05-09,2022-10-10
4482,MUMTAZ BINTI MD NAWI,1972.0,female,bumiputera,2022-11-19,
4160,MUSLIMIN BIN YAHAYA,1968.0,male,bumiputera,2018-05-09,
21027,MUSTAFA BIN MUSA,,male,bumiputera,2022-11-19,
2333,MUSTAPA BIN MOHAMED,1951.0,male,bumiputera,2008-03-08,2022-10-10
5064,MUSTAPHA SAKMUD,1969.0,male,bumiputera,2022-11-19,
3656,N. SURENDRAN A/L NAGARAJAN,1967.0,male,indian,2013-05-05,2018-04-07
3603,NANCY BINTI HAJI SHUKRI,1961.0,female,bumiputera,2008-03-08,
3322,NASHARUDIN BIN MAT ISA,1963.0,male,bumiputera,2008-03-08,2013-04-03
3414,NASRUDIN BIN HASSAN,1971.0,male,bumiputera,2013-05-05,2018-04-07
4257,NATRAH ISMAIL,1951.0,female,bumiputera,2018-05-09,2022-10-10
3635,NAWAWI BIN AHMAD,1961.0,male,bumiputera,2013-05-05,2018-04-07
3708,NG WEI AIK,1978.0,male,chinese,2013-05-05,2018-04-07
3406,NG YEN YEN,1947.0,female,chinese,2008-03-08,2013-04-03
3376,NGA KOR MING,1972.0,male,chinese,2008-03-08,
2081,NGEH KOO HAM,1962.0,male,chinese,2008-03-08,
3672,NIK MAZIAN BIN NIK MOHAMAD,1959.0,male,bumiputera,2013-05-05,2018-04-07
4037,NIK MUHAMMAD ZAWAWI BIN HAJI SALLEH,1967.0,male,bumiputera,2018-05-09,
4213,NIK NAZMI BIN NIK AHMAD,1982.0,male,bumiputera,2018-05-09,
9999993,NIZAM MYDIN BIN BACHA MYDIN,1975.0,male,bumiputera,2018-05-09,
3939,NOGEH ANAK GUMBEK,1957.0,male,bumiputera,2013-05-05,2018-04-07
2416,NOH BIN HAJI OMAR,1958.0,male,bumiputera,2008-03-08,2022-10-10
3986,NOOR AMIN BIN AHMAD,1982.0,male,bumiputera,2018-05-09,2022-10-10
3724,NOOR AZMI BIN GHAZALI,1962.0,male,bumiputera,2013-05-05,2022-10-10
3862,NOOR EHSANUDDIN MOHD HARUN NARRASHID,1964.0,male,bumiputera,2013-05-05,2018-04-07
3649,NOR AZRINA BINTI SURIP,1975.0,female,bumiputera,2018-05-09,2022-10-10
3350,NOR MOHAMED YAKCOP,1948.0,male,bumiputera,2008-03-08,2013-04-03
3612,NORAH BINTI ABD. RAHMAN,1960.0,female,bumiputera,2008-03-08,2018-04-07
3501,NORAINI BINTI AHMAD,1967.0,female,bumiputera,2008-03-08,
4691,NORDIN BIN AHMAD ISMAIL TLDM(BERSARA),1965.0,male,bumiputera,2022-11-19,
3422,NORIAH BINTI KASNON,1964.0,female,bumiputera,2008-03-08,2018-04-07
3868,NORMALA BINTI ABDUL SAMAD,1963.0,female,bumiputera,2013-05-05,2018-04-07
4432,NURUL AMIN BIN HAMID,1983.0,male,bumiputera,2022-11-19,
3464,NURUL IZZAH BINTI ANWAR,1980.0,female,bumiputera,2008-03-08,2022-10-10
3399,ONG KA CHUAN,1955.0,male,chinese,2008-03-08,2018-04-07
2190,ONG KA TING,1957.0,male,chinese,2008-03-08,2013-04-03
3783,ONG KIAN MING,1976.0,male,chinese,2013-05-05,2022-10-10
2119,ONG TEE KEAT,1956.0,male,chinese,2008-03-08,2013-04-03
3859,ONN BIN ABU BAKAR,1963.0,male,bumiputera,2022-11-19,
3969,OSCAR LING CHAI YEW,1977.0,male,chinese,2013-05-05,
1676,OTHMAN BIN ABDUL,1951.0,male,bumiputera,2013-05-05,2018-04-07
1676,OTHMAN BIN ABDUL,1951.0,male,bumiputera,2013-05-05,2018-04-07
4207,P. PRABAKARAN,1996.0,male,indian,2018-05-09,
2113,PALANIVEL A/L K. GOVINDASAMY,1949.0,male,indian,2013-05-05,2018-04-07
9999991,PANDIKAR AMIN HAJI MULIA,1955.0,male,bumiputera,2008-03-08,2018-04-07
3148,PANG HOK LIONG,1957.0,male,chinese,2018-05-09,
21083,PAU CHIONG UNG,,female,chinese,,
2273,PETER CHIN FAH KUI,1946.0,male,bumiputera,2008-03-08,2013-04-03
4907,RADZI JIDIN,1977.0,male,bumiputera,2022-11-19,
1228,RAFIDAH BINTI ABD. AZIZ,1944.0,female,bumiputera,2008-03-08,2013-04-03
3572,RAIME BIN UNGGI,1970.0,male,bumiputera,2008-03-08,2018-04-07
4861,RAJ MUNNI BINTI SABU,1972.0,female,bumiputera,2022-11-19,
3682,RAJA KAMARUL BAHRIN SHAH BIN RAJA AHMAD,1955.0,male,bumiputera,2013-05-05,2018-04-07
4827,RAMANAN RAMAKRISHNAN,1981.0,male,indian,2022-11-19,
3354,RAMASAMY A/L PALANISAMY,1950.0,male,indian,2008-03-08,2013-04-03
4080,RAMKARPAL SINGH A/L KARPAL SINGH,1976.0,male,other,2013-05-05,
4706,RAMLI BIN DATO' MOHD NOR,1958.0,male,bumiputera,2018-05-09,
3302,RASHID BIN DIN,1947.0,male,bumiputera,2008-03-08,2013-04-03
872,RAZALEIGH HAMZAH,1937.0,male,bumiputera,2008-03-08,2022-10-10
3498,RAZALI BIN HAJI IBRAHIM,1971.0,male,bumiputera,2008-03-08,2018-04-07
3689,REEZAL MERICAN BIN NAINA MERICAN,1973.0,male,bumiputera,2013-05-05,2022-10-10
5183,RICHARD RAPU @ AMAN ANAK BEGRI,1964.0,male,bumiputera,2022-11-19,
2236,RICHARD RIOT ANAK JAEM,1952.0,male,bumiputera,2008-03-08,
5106,RIDUAN BIN RAHMAT,,male,bumiputera,2013-05-05,2018-04-07
5106,RIDUAN BIN RAHMAT,,male,bumiputera,2022-11-19,
4215,RINA BINTI MOHD HARUN,1973.0,female,bumiputera,2018-05-09,2022-10-10
2258,ROBERT LAU HOI CHEW,1943.0,male,chinese,2008-03-08,2013-04-03
4383,ROBERT LAWSON CHUAT,1959.0,male,bumiputera,2018-05-09,2022-10-10
5169,RODIYAH BINTI SAPIEE,1978.0,female,bumiputera,2022-11-19,
4789,RODZIAH BINTI ISMAIL,1964.0,female,bumiputera,2022-11-19,
2230,ROHANI BINTI ABDUL KARIM,1955.0,female,bumiputera,2008-03-08,2022-10-10
2857,RONALD KIANDEE,1961.0,male,bumiputera,2008-03-08,
9999992,ROOSME HAMZAH,,female,bumiputera,2008-03-08,2018-04-07
4478,ROSLAN BIN HASHIM,1967.0,male,bumiputera,2022-11-19,
3554,ROSNAH BINTI HAJI ABDUL RASHID SHIRLIN,1973.0,female,bumiputera,2008-03-08,2018-04-07
4057,ROSOL BIN WAHID,1965.0,male,bumiputera,2018-05-09,
5179,ROY ANGAU ANAK GINGKOI,1979.0,male,bumiputera,2022-11-19,
3875,ROZMAN BIN DATUK HAJI ISLI,1965.0,male,bumiputera,2013-05-05,2022-10-10
3947,RUBIAH BINTI HAJI WANG,1968.0,female,bumiputera,2013-05-05,
4409,RUSHDAN BIN RUSMI,1978.0,male,bumiputera,2022-11-19,
4248,RUSNAH BINTI ALUAI,1962.0,female,bumiputera,2018-05-09,2022-10-10
985,S. SUBRAMANIAM,1953.0,male,indian,2008-03-08,2018-04-07
4006,SABRI BIN AZIT,1966.0,male,bumiputera,2018-05-09,
3416,SAIFUDDIN BIN ABDULLAH,1961.0,male,bumiputera,2008-03-08,2013-04-03
3416,SAIFUDDIN BIN ABDULLAH,1961.0,male,bumiputera,2018-05-09,
2958,SALAHUDDIN BIN AYUB,1962.0,male,bumiputera,2008-03-08,2013-04-03
2958,SALAHUDDIN BIN AYUB,1962.0,male,bumiputera,2018-05-09,
4745,SALAMIAH BINTI MOHD NOR,1964.0,female,bumiputera,2022-11-19,
3583,SALLEH BIN KALBI,1965.0,male,bumiputera,2008-03-08,2013-04-03
4077,SANISVARA NETHAJI RAYER A/L RAJAJI,1972.0,male,indian,2018-05-09,
3770,SANTHARA KUMAR A/L RAMANAIDU,1971.0,male,indian,2018-05-09,2022-10-10
3563,SAPAWI BIN HAJI AHMAD WASALI,1955.0,male,bumiputera,2008-03-08,2018-04-07
3746,SEAH LEONG PENG,1967.0,male,chinese,2013-05-05,2018-04-07
4731,SH MOHMED PUZI BIN SH ALI,1957.0,male,bumiputera,2022-11-19,
3692,SHABUDIN BIN YAHAYA,1966.0,male,bumiputera,2013-05-05,2022-10-10
4048,SHAHARIZUKIRNAIN BIN ABD KADIR,1970.0,male,bumiputera,2018-05-09,
3633,SHAHARUDDIN BIN ISMAIL,1967.0,male,bumiputera,2013-05-05,2018-04-07
5070,SHAHELMEY BIN YAHYA,1973.0,male,bumiputera,2022-11-19,
1665,SHAHIDAN BIN KASSIM,1951.0,male,bumiputera,2013-05-05,
3522,SHAHRIR ABDUL SAMAD,1950.0,male,bumiputera,2008-03-08,2018-04-07
4914,SHAMSHULKAHAR BIN MOHD DELI,1961.0,male,bumiputera,2022-11-19,
3369,SHAMSUL ANUAR BIN HAJI NASARAH,1967.0,male,bumiputera,2008-03-08,
3142,SHAMSUL ISKANDAR @ YUSRE BIN HAJI MOHD AKIN,1975.0,male,bumiputera,2013-05-05,2022-10-10
4270,SHARUDDIN BIN MD SALLEH,1956.0,male,bumiputera,2018-05-09,2022-10-10
2778,SHAZIMAN ABU MANSOR,1964.0,male,bumiputera,2008-03-08,2018-04-07
3699,SIM CHEE KEONG,1982.0,male,chinese,2013-05-05,
3489,SIM TONG HIM,1949.0,male,chinese,2008-03-08,2018-04-07
3712,SIM TZE TZIN,1976.0,male,chinese,2013-05-05,
3565,SIRINGAN BIN GUBAT,1950.0,male,bumiputera,2008-03-08,2013-04-03
5091,SITI AMINAH BINTI ACHING,1962.0,female,bumiputera,2022-11-19,
3449,SITI MARIAH BINTI MAHMUD,1958.0,female,bumiputera,2008-03-08,2018-04-07
4572,SITI MASTURA BINTI MUHAMMAD,1989.0,female,bumiputera,2022-11-19,
3318,SITI ZAILAH BINTI MOHD YUSOFF,1963.0,female,bumiputera,2008-03-08,
3733,SIVAKUMAR A/L VARATHARAJU NAIDU,1971.0,male,indian,2013-05-05,
3443,SIVARASA A/L K. RASIAH,1957.0,male,indian,2008-03-08,2022-10-10
3865,STEVEN CHOONG SHIAU YOON,1958.0,male,chinese,2018-05-09,2022-10-10
3730,SU KEONG SIONG,1967.0,male,chinese,2013-05-05,2022-10-10
5038,SUHAILI BIN ABDUL RAHMAN,1961.0,male,bumiputera,2022-11-19,
5122,SUHAIMI BIN NASIR,1968.0,male,bumiputera,2022-11-19,
5026,SUHAIZAN BIN KAIAT,1961.0,male,bumiputera,2022-11-19,
3598,SULAIMAN ABDUL RAHMAN TAIB,1969.0,male,bumiputera,2008-03-08,2013-04-03
4810,SYAHREDZAN BIN JOHAN,1983.0,male,bumiputera,2022-11-19,
4095,SYED ABU HUSSIN BIN HAFIZ SYED ABDUL FASAL,1961.0,male,bumiputera,2018-05-09,
3516,SYED HAMID BIN SYED JAAFAR ALBAR,1944.0,male,bumiputera,2008-03-08,2013-04-03
4261,SYED IBRAHIM BIN SYED NOH,1964.0,male,bumiputera,2018-05-09,
4266,SYED SADDIQ BIN SYED ABDUL RAHMAN,1993.0,male,bumiputera,2018-05-09,
4596,SYERLEENA BINTI ABDUL RASHID,1980.0,female,bumiputera,2022-11-19,
3306,TAIB AZAMUDDEN BIN MD TAIB,1951.0,male,bumiputera,2008-03-08,2013-04-03
3395,TAJUDDIN BIN ABDUL RAHMAN,1948.0,male,bumiputera,2008-03-08,2022-10-10
3661,TAKIYUDDIN BIN HASSAN,1962.0,male,bumiputera,2013-05-05,
4379,TAMBAT@ JUGAH ANAK MUYANG,1964.0,male,bumiputera,2018-05-09,2022-10-10
3186,TAN AH ENG,1956.0,female,chinese,2008-03-08,2013-04-03
4978,TAN HONG PIN,1981.0,male,chinese,2022-11-19,
4678,TAN KAR HING,1982.0,male,chinese,2022-11-19,
2447,TAN KEE KWONG,1947.0,male,chinese,2013-05-05,2018-04-07
1825,TAN KOK WAI,1957.0,male,chinese,2008-03-08,
3012,TAN LIAN HOE,1959.0,female,chinese,2008-03-08,2013-04-03
1238,TAN SENG GIAW,1943.0,male,chinese,2008-03-08,2018-04-07
3355,TAN TEE BENG,1972.0,male,chinese,2008-03-08,2013-04-03
2436,TAN YEE KEW,1953.0,female,chinese,2018-05-09,2022-10-10
4099,TEH KOK LIM,1970.0,male,chinese,2018-05-09,2022-10-10
3591,TEKHEE @TIKI ANAK LAFE,1953.0,male,bumiputera,2008-03-08,2013-04-03
3520,TENG BOON SOON,1942.0,male,chinese,2008-03-08,2013-04-03
2411,TENGKU AZLAN IBNI ALMARHUM SULTAN ABU BAKAR,1950.0,male,bumiputera,2008-03-08,2013-04-03
3835,TEO KOK SEONG,1980.0,male,chinese,2013-05-05,2018-04-07
3434,TEO NIE CHING,1981.0,female,chinese,2008-03-08,
2769,TERESA KOK,1964.0,female,chinese,2008-03-08,
3622,TIONG KING SING,1962.0,male,chinese,2008-03-08,
2574,TIONG THAI KING,1946.0,male,chinese,2008-03-08,2013-04-03
3441,TONY PUA KIAM WEE,1973.0,male,bumiputera,2008-03-08,2022-10-10
1958,UGAK ANAK KUMBONG,1962.0,male,bumiputera,2022-11-19,
5046,VERDON BIN BAHANDA,1973.0,male,bumiputera,2022-11-19,
5131,VIVIAN WONG SHIR YEE,1989.0,female,chinese,2018-05-09,
3315,WAN ABD. RAHIM BIN WAN ABDULLAH,1952.0,male,bumiputera,2008-03-08,2013-04-03
4529,WAN AHMAD FAYHSAL BIN WAN AHMAD KAMAL,1987.0,male,bumiputera,2022-11-19,
4901,WAN AZIZAH BINTI DR. WAN ISMAIL,1952.0,female,bumiputera,2013-05-05,
3686,WAN HASSAN BIN MOHD RAMLI,1958.0,male,bumiputera,2013-05-05,
2242,WAN JUNAIDI BIN TUANKU JAAFAR,1946.0,male,bumiputera,2008-03-08,2022-10-10
3736,WAN MOHAMMAD KHAIR-IL ANUAR WAN AHMAD,1960.0,male,bumiputera,2013-05-05,2018-04-07
4725,WAN RAZALI BIN WAN NOR,1981.0,male,bumiputera,2022-11-19,
4579,WAN SAIFULRUDDIN BIN WAN JAN,1975.0,male,bumiputera,2022-11-19,
1804,WEE CHOO KEONG,1953.0,male,chinese,2008-03-08,2013-04-03
3502,WEE KA SIONG,1968.0,male,chinese,2008-03-08,
5052,WETROM BIN BAHANDA,1970.0,male,bumiputera,2022-11-19,
3541,WILFRED MOJILIP BUMBURING,1952.0,male,bumiputera,2008-03-08,2013-04-03
3609,WILLIAM @ NYALLAU ANAK BADAK,1951.0,male,bumiputera,2008-03-08,2018-04-07
3427,WILLIAM LEONG JEE KEEN,1957.0,male,chinese,2008-03-08,
2254,WILLIAM MAWAN IKOM,1950.0,male,bumiputera,2013-05-05,2018-04-07
3949,WILLIE ANAK MONGIN,1976.0,male,bumiputera,2018-05-09,
3974,WILSON UGAK ANAK KUMBONG,1962.0,male,bumiputera,2013-05-05,2022-10-10
3786,WONG CHEN,1969.0,male,chinese,2013-05-05,
1965,WONG HO LENG,1960.0,male,chinese,2008-03-08,2013-04-03
4072,WONG HON WAI,1973.0,male,chinese,2018-05-09,2022-10-10
4105,WONG KAH WOH,1980.0,male,chinese,2018-05-09,
3962,WONG LING BIU,1959.0,male,chinese,2013-05-05,2022-10-10
4278,WONG SHU QI,1983.0,female,bumiputera,2018-05-09,
3894,WONG SZE PHIN @ JIMMY,1950.0,male,chinese,2013-05-05,2018-04-07
3763,WONG TACK,1959.0,male,chinese,2018-05-09,2022-10-10
3924,WONG TIEN FATT @ WONG NYUK FOH,1955.0,male,chinese,2013-05-05,2022-10-10
4200,XAVIER JAYAKUMAR A/L ARULANANDAM,1953.0,male,indian,2018-05-09,2022-10-10
4325,YAMANI HAFEZ BIN MUSA,1978.0,male,bumiputera,2018-05-09,2022-10-10
4263,YEO BEE YIN,1983.0,female,chinese,2018-05-09,
2232,YONG KHOON HIAN @ YONG KHOON SENG,1942.0,male,chinese,2008-03-08,2013-04-03
4749,YOUNG SYEFURA BINTI OTHMAN,1989.0,female,bumiputera,2022-11-19,
4962,YUNESWARAN A/L RAMARAJ,1986.0,male,indian,2022-11-19,
3530,YUSSOF BIN HAJI MAHAL,1958.0,male,bumiputera,2008-03-08,2013-04-03
4385,YUSUF BIN ABD WAHAB,1964.0,male,bumiputera,2018-05-09,
4532,ZAHARI BIN KECHIK,1960.0,male,bumiputera,2022-11-19,
3630,ZAHIDI BIN ZAINUL ABIDIN,1961.0,male,bumiputera,2013-05-05,2022-10-10
4876,ZAHIR BIN HASSAN,1959.0,male,bumiputera,2022-11-19,
3364,ZAHRAIN MOHAMED HASHIM,1956.0,male,bumiputera,2008-03-08,2013-04-03
3827,ZAINUDIN BIN ISMAIL,1960.0,male,bumiputera,2013-05-05,2018-04-07
3706,ZAIRIL KHIR JOHARI,1983.0,male,bumiputera,2013-05-05,2018-04-07
4347,ZAKARIA BIN MOHD. EDRIS,1951.0,male,bumiputera,2018-05-09,2022-10-10
4413,ZAKRI BIN HASSAN,1965.0,male,bumiputera,2022-11-19,
4967,ZALIHA BINTI MUSTAFA,1964.0,female,bumiputera,2022-11-19,
3457,ZULHASNAN BIN RAFIQUE,1955.0,male,bumiputera,2008-03-08,2013-04-03
4773,ZULKAFPERI BIN HANAPI,1959.0,male,bumiputera,2022-11-19,
4959,ZULKIFLI BIN ISMAIL,1966.0,male,bumiputera,2022-11-19,
3309,ZULKIFLI BIN NOORDIN,1962.0,male,bumiputera,2008-03-08,2013-04-03
4133,ZULPURI SHAH BIN RAJA PUJI,1965.0,male,bumiputera,2018-05-09,2022-10-10
3431,ZURAIDA BINTI KAMARUDDIN,1958.0,female,bumiputera,2008-03-08,2022-10-10
