vol,kod_kawasan,negeri,kawasan,gelaran,nama,tahun_lahir,jantina,kumpulan_etnik,parti,jawatan_kabinet,jawatan_parlimen,gambar
15.0,,,,YB Tan Sri Dato' (Dr.),Johari bin Abdul,,,,,,Yang di-Pertua Dewan Rakyat,https://www.parlimen.gov.my/images/webuser/ahli/2022/ypdr.jpg
15.0,P078,Pahang,Cameron Highlands,YB Dato' Dr.,Ramli bin Dato' Mohd Nor,1958.0,male,bumiputera,BN,,Timbalan Yang di-Pertua Dewan Rakyat,https://www.parlimen.gov.my/images/webuser/ahli/2022/P078.jpg
15.0,P211,Sarawak,Lanang,YB Puan,Alice Lau Kiong Yieng,1981.0,female,chinese,PH,,Timbalan Yang di-Pertua Dewan Rakyat,https://www.parlimen.gov.my/images/webuser/ahli/2022/YB Lanang.JPG
15.0,,,,Dr.,Nizam Mydin bin Bacha Mydin,,,,,,Setiausaha Dewan Rakyat,https://www.parlimen.gov.my/images/webuser/ahli/2022/Dr Nizam v2.jpg
15.0,P063,Perak,Tambun,YAB Dato' Seri,Anwar bin Ibrahim,1947.0,male,bumiputera,PH,Perdana Menteri dan Menteri Kewangan,Ketua Majlis,https://www.parlimen.gov.my/images/webuser/ahli/2022/P063.png
15.0,P075,Perak,Bagan Datuk,YAB Dato' Seri Dr.,Ahmad Zahid bin Hamidi,1953.0,male,bumiputera,BN,Timbalan Perdana Menteri dan Menteri Kemajuan Desa dan Wilayah,Timbalan Ketua Majlis,https://www.parlimen.gov.my/images/webuser/ahli/2022/YAB TPM 1.jpg
15.0,P194,Sarawak,Petra Jaya,YAB Dato' Sri Haji,Fadillah bin Haji Yusof,1962.0,male,bumiputera,GPS,Timbalan Perdana Menteri dan Menteri Peralihan Tenaga dan Transformasi Air,Timbalan Ketua Majlis,https://www.parlimen.gov.my/images/webuser/ahli/2022/P194.jpg
15.0,P128,Negeri Sembilan,Seremban,YB Tuan,Loke Siew Fook,1977.0,male,chinese,PH,Menteri Pengangkutan,,https://www.parlimen.gov.my/images/webuser/ahli/2022/P128.png
15.0,P111,Selangor,Kota Raja,YB Datuk Seri Haji,Mohamad bin Sabu,1954.0,male,bumiputera,PH,Menteri Pertanian dan Keterjaminan Makanan,,https://www.parlimen.gov.my/images/webuser/ahli/2022/P111.png
15.0,P100,Selangor,Pandan,YB Dato' Seri,Mohd Rafizi bin Ramli,1977.0,male,bumiputera,PH,Menteri Ekonomi,,https://www.parlimen.gov.my/images/webuser/ahli/2022/P100.png
15.0,P076,Perak,Teluk Intan,YB Tuan,Nga Kor Ming,1972.0,male,chinese,PH,Menteri Perumahan Dan Kerajaan Tempatan,,https://www.parlimen.gov.my/images/webuser/ahli/2022/P076.png
15.0,P131,Negeri Sembilan,Rembau,YB Dato' Seri Utama Haji,Mohamad bin Haji Hasan,1956.0,male,bumiputera,BN,Menteri Luar Negeri,,https://www.parlimen.gov.my/images/webuser/ahli/2022/P131.png
15.0,P215,Sarawak,Kapit,YB Dato Sri,Alexander Nanta Linggi,1958.0,male,bumiputera,GPS,Menteri Kerja Raya,,https://www.parlimen.gov.my/images/webuser/ahli/2022/P215.jpg
15.0,P156,Johor,Kota Tinggi,YB Dato' Seri,Mohamed Khaled bin Nordin,1958.0,male,bumiputera,BN,Menteri Pertahanan,,https://www.parlimen.gov.my/images/webuser/ahli/2022/P156.png
15.0,P077,Perak,Tanjong Malim,YB Tuan,Chang Lih Kang,1980.0,male,chinese,PH,"Menteri Sains, Teknologi dan Inovasi",,https://www.parlimen.gov.my/images/webuser/ahli/2022/P077.jpg
15.0,P193,Sarawak,Santubong,YB Dato' Sri Hajah,Nancy binti Shukri,1961.0,female,bumiputera,GPS,"Menteri Pembangunan Wanita, Keluarga dan Masyarakat",,https://www.parlimen.gov.my/images/webuser/ahli/2022/santubong.jpg
15.0,P157,Johor,Pengerang,YB Dato' Sri,Azalina binti Othman Said,1964.0,female,bumiputera,BN,Menteri di Jabatan Perdana Menteri (Undang-undang dan Reformasi Institusi),,https://www.parlimen.gov.my/images/webuser/ahli/2022/P157.png
15.0,P118,Kuala Lumpur,Setiawangsa,YB Tuan,Nik Nazmi bin Nik Ahmad,1982.0,male,bumiputera,PH,Menteri Sumber Asli dan Kelestarian Alam,,https://www.parlimen.gov.my/images/webuser/ahli/2022/P118.png
15.0,P174,Sabah,Penampang,YB Datuk,Ewon Benedick,1983.0,male,bumiputera,PH,Menteri Pembangunan Usahawan dan Koperasi,,https://www.parlimen.gov.my/images/webuser/ahli/2022/P174.png
15.0,P217,Sarawak,Bintulu,YB Dato Sri,Tiong King Sing,1961.0,male,chinese,GPS,"Menteri Pelancongan, Seni dan Budaya",,https://www.parlimen.gov.my/images/webuser/ahli/2022/P217.png
15.0,P121,Kuala Lumpur,Lembah Pantai,YB Tuan,Ahmad Fahmi bin Mohamed Fadzil,1981.0,male,bumiputera,PH,Menteri Komunikasi,,https://www.parlimen.gov.my/images/webuser/ahli/2022/P121.png
15.0,P047,Pulau Pinang,Nibong Tebal,YB Puan,Fadhlina binti Sidek,1977.0,female,bumiputera,PH,Menteri Pendidikan,,https://www.parlimen.gov.my/images/webuser/ahli/2022/P047.jpg
15.0,P210,Sarawak,Kanowit,YB Datuk,Aaron Ago anak Dagang,1959.0,male,bumiputera,GPS,Menteri Perpaduan Negara,,https://www.parlimen.gov.my/images/webuser/ahli/2022/P210.png
15.0,P117,Kuala Lumpur,Segambut,YB Puan,Hannah Yeoh Tseow Suan,1979.0,female,chinese,PH,Menteri Belia dan Sukan,,https://www.parlimen.gov.my/images/webuser/ahli/2022/P117.png
15.0,P141,Johor,Sekijang,YB Dr.,Zaliha binti Mustafa,1964.0,female,bumiputera,PH,Menteri di Jabatan Perdana Menteri (Wilayah Persekutuan),,https://www.parlimen.gov.my/images/webuser/ahli/2022/P141.jpg
15.0,P175,Sabah,Papar,YB Datuk,Armizan bin Mohd Ali,1976.0,male,bumiputera,GRS,Menteri Perdagangan Dalam Negeri dan Kos Sara Hidup,,https://www.parlimen.gov.my/images/webuser/ahli/2022/P175.png
15.0,P119,Kuala Lumpur,Titiwangsa,YB Datuk Seri,Johari bin Abdul Ghani,1964.0,male,bumiputera,BN,Menteri Perladangan dan Komoditi,,https://www.parlimen.gov.my/images/webuser/ahli/2022/P119.png
15.0,P106,Selangor,Damansara,YB Tuan,Gobind Singh Deo,1973.0,male,other,PH,Menteri Digital,,https://www.parlimen.gov.my/images/webuser/ahli/2022/P106.png
15.0,P096,Selangor,Kuala Selangor,YB Datuk Seri Haji Dr.,Dzulkefly bin Ahmad,1956.0,male,bumiputera,PH,Menteri Kesihatan,,https://www.parlimen.gov.my/images/webuser/ahli/2022/P096.png
15.0,P045,Pulau Pinang,Bukit Mertajam,YB Tuan,Sim Chee Keong,1982.0,male,chinese,PH,Menteri Sumber Manusia,,https://www.parlimen.gov.my/images/webuser/ahli/2022/P045.jpg
15.0,P164,Johor,Pontian,YB Datuk Seri Haji,Ahmad bin Haji Maslan,1966.0,male,bumiputera,BN,Timbalan Menteri Kerja Raya,,https://www.parlimen.gov.my/images/webuser/ahli/2022/P164.png
15.0,P197,Sarawak,Kota Samarahan,YB Datuk Hajah,Rubiah binti Wang,1968.0,female,bumiputera,GPS,Timbalan Menteri Kemajuan Desa dan Wilayah,,https://www.parlimen.gov.my/images/webuser/ahli/2022/P197.jpg
15.0,P221,Sarawak,Limbang,YB Datuk Haji,Hasbi bin Haji Habibollah,1963.0,male,bumiputera,GPS,Timbalan Menteri Pengangkutan,,https://www.parlimen.gov.my/images/webuser/ahli/2022/P221.jpg
15.0,P172,Sabah,Kota Kinabalu,YB Datuk,Chan Foong Hin,1979.0,male,chinese,PH,Timbalan Menteri Perladangan dan Komoditi,,https://www.parlimen.gov.my/images/webuser/ahli/2022/P172.jpg
15.0,P213,Sarawak,Mukah,YB Dato Hajjah,Hanifah Hajar Taib,1972.0,female,bumiputera,GPS,Timbalan Menteri Ekonomi,,https://www.parlimen.gov.my/images/webuser/ahli/2022/P213.jpg
15.0,P160,Johor,Johor Bahru,YB Tuan Haji,Akmal Nasrullah bin Mohd Nasir,1986.0,male,bumiputera,PH,Timbalan Menteri Peralihan Tenaga dan Transformasi Air,,https://www.parlimen.gov.my/images/webuser/ahli/2022/P160.jpg
15.0,P135,Melaka,Alor Gajah,YB Tuan Haji,Adly bin Zahari,1971.0,male,bumiputera,PH,Timbalan Menteri Pertahanan,,https://www.parlimen.gov.my/images/webuser/ahli/2022/P135.jpg
15.0,P079,Pahang,Lipis,YB Dato' Sri,Abdul Rahman bin Haji Mohamad,1962.0,male,bumiputera,BN,Timbalan Menteri Sumber Manusia,,https://www.parlimen.gov.my/images/webuser/ahli/2022/P079.png
15.0,P055,Perak,Lenggong,YB Datuk Seri Dr.,Shamsul Anuar bin Haji Nasarah,1967.0,male,bumiputera,BN,Timbalan Menteri Dalam Negeri,,https://www.parlimen.gov.my/images/webuser/ahli/2022/P055.png
15.0,P162,Johor,Iskandar Puteri,YB Tuan,Liew Chin Tong,1977.0,male,chinese,PH,"Timbalan Menteri Pelaburan, Perdagangan dan Industri",,https://www.parlimen.gov.my/images/webuser/ahli/2022/P162.jpg
15.0,P188,Sabah,Lahad Datu,YB Dato',Mohammad Yusof bin Apdal,1960.0,male,bumiputera,WARISAN,"Timbalan Menteri Sains, Teknologi dan Inovasi",,https://www.parlimen.gov.my/images/webuser/ahli/2022/P188.png
15.0,P182,Sabah,Pensiangan,YB Datuk,Arthur Joseph Kurup,1982.0,male,bumiputera,BN,Timbalan Menteri Pertanian dan Keterjaminan Makanan,,https://www.parlimen.gov.my/images/webuser/ahli/2022/P182.png
15.0,P113,Selangor,Sepang,YB Datuk Hajah,Raj Munni binti Sabu,1972.0,female,bumiputera,PH,Timbalan Menteri Perumahan Dan Kerajaan Tempatan,,https://www.parlimen.gov.my/images/webuser/ahli/2022/YB Sepang.png
15.0,P208,Sarawak,Sarikei,YB Dato' Sri,Huang Tiong Sii,1969.0,male,chinese,GPS,Timbalan Menteri Sumber Asli dan Kelestarian Alam,,https://www.parlimen.gov.my/images/webuser/ahli/2022/P208.jpg
15.0,P176,Sabah,Kimanis,YB Datuk,Mohamad bin Alamin,1972.0,male,bumiputera,BN,Timbalan Menteri Luar Negeri,,https://www.parlimen.gov.my/images/webuser/ahli/2022/P176.png
15.0,P185,Sabah,Batu Sapi,YB Tuan,Khairul Firdaus bin Akbar Khan,1983.0,male,bumiputera,GRS,"Timbalan Menteri Pelancongan, Seni dan Budaya",,https://www.parlimen.gov.my/images/webuser/ahli/2022/P185.png
15.0,P163,Johor,Kulai,YB Puan,Teo Nie Ching,1981.0,female,chinese,PH,Timbalan Menteri Komunikasi,,https://www.parlimen.gov.my/images/webuser/ahli/2022/P163.png
15.0,P049,Pulau Pinang,Tanjong,YB Puan,Lim Hui Ying,1963.0,female,chinese,PH,Timbalan Menteri Kewangan,,https://www.parlimen.gov.my/images/webuser/ahli/2022/P049.jpg
15.0,P137,Melaka,Hang Tuah Jaya,YB Tuan,Adam Adli bin Abd Halim,1989.0,male,bumiputera,PH,Timbalan Menteri Belia dan Sukan,,https://www.parlimen.gov.my/images/webuser/ahli/2022/P137.jpg
15.0,P171,Sabah,Sepanggar,YB Datuk Ts.,Mustapha Sakmud,1969.0,male,bumiputera,PH,Timbalan Menteri Pendidikan Tinggi,,https://www.parlimen.gov.my/images/webuser/ahli/2022/P171.jpg
15.0,P218,Sarawak,Sibuti,YB Dato,Lukanisman bin Awang Sauni,1982.0,male,bumiputera,GPS,Timbalan Menteri Kesihatan,,https://www.parlimen.gov.my/images/webuser/ahli/2022/P218.jpg
15.0,P216,Sarawak,Hulu Rajang,YB Datuk,Ugak anak Kumbong,1962.0,male,bumiputera,GPS,Timbalan Menteri Digital,,https://www.parlimen.gov.my/images/webuser/ahli/2022/P216.jpg
15.0,P065,Perak,Ipoh Barat,YB Tuan,M.Kulasegaran a/l V.Murugeson,1957.0,male,indian,PH,Timbalan Menteri di Jabatan Perdana Menteri (Undang-undang dan Reformasi Institusi),,https://www.parlimen.gov.my/images/webuser/ahli/2022/P065.png
15.0,P147,Johor,Parit Sulong,YB Datuk Seri Dr.,Noraini binti Ahmad,1967.0,female,bumiputera,BN,"Timbalan Menteri Pembangunan Wanita, Keluarga dan Masyarakat",,https://www.parlimen.gov.my/images/webuser/ahli/2022/P147.png
15.0,P107,Selangor,Sungai Buloh,YB Dato' Sri,Ramanan Ramakrishnan,1981.0,male,indian,PH,Timbalan Menteri Pembangunan Usahawan dan Koperasi,,https://www.parlimen.gov.my/images/webuser/ahli/2022/P107.jpg
15.0,P060,Perak,Taiping,YB Tuan,Wong Kah Woh,1980.0,male,chinese,PH,Timbalan Menteri Pendidikan,,https://www.parlimen.gov.my/images/webuser/ahli/2022/P060.jpg
15.0,P015,Kedah,Sungai Petani,YB Dr.,Mohammed Taufiq bin Johari,1996.0,male,bumiputera,PH,,,https://www.parlimen.gov.my/images/webuser/ahli/2022/P015.jpg
15.0,P043,Pulau Pinang,Bagan,YB Tuan,Lim Guan Eng,1961.0,male,chinese,PH,,,https://www.parlimen.gov.my/images/webuser/ahli/2022/P043.jpg
15.0,P046,Pulau Pinang,Batu Kawan,YB Tuan,Chow Kon Yeow,1958.0,male,chinese,PH,,,https://www.parlimen.gov.my/images/webuser/ahli/2022/P046.png
15.0,P048,Pulau Pinang,Bukit Bendera,YB Puan,Syerleena binti Abdul Rashid,1980.0,female,bumiputera,PH,,,https://www.parlimen.gov.my/images/webuser/ahli/2022/P048.jpg
15.0,P050,Pulau Pinang,Jelutong,YB Tuan,Sanisvara Nethaji Rayer a/l Rajaji,1971.0,male,indian,PH,,,https://www.parlimen.gov.my/images/webuser/ahli/2022/P050.jpg
15.0,P051,Pulau Pinang,Bukit Gelugor,YB Tuan,Ramkarpal Singh a/l Karpal Singh,1976.0,male,other,PH,,,https://www.parlimen.gov.my/images/webuser/ahli/2022/P051.png
15.0,P052,Pulau Pinang,Bayan Baru,YB Tuan,Sim Tze Tzin,1976.0,male,chinese,PH,,,https://www.parlimen.gov.my/images/webuser/ahli/2022/P052.jpg
15.0,P053,Pulau Pinang,Balik Pulau,YB Dato',Muhammad Bakhtiar bin Wan Chik,1965.0,male,bumiputera,PH,,,https://www.parlimen.gov.my/images/webuser/ahli/2022/P053.jpg
15.0,P062,Perak,Sungai Siput,YB Tuan,Kesavan a/l Subramaniam,1972.0,male,indian,PH,,,https://www.parlimen.gov.my/images/webuser/ahli/2022/P062.jpg
15.0,P064,Perak,Ipoh Timor,YB Tuan,Lee Chuan How,1983.0,male,chinese,PH,,,https://www.parlimen.gov.my/images/webuser/ahli/2022/P064.jpg
15.0,P066,Perak,Batu Gajah,YB Tuan,Sivakumar a/l Varatharaju Naidu,1971.0,male,indian,PH,,,https://www.parlimen.gov.my/images/webuser/ahli/2022/P066.png
15.0,P068,Perak,Beruas,YB Dato',Ngeh Koo Ham,1961.0,male,chinese,PH,,,https://www.parlimen.gov.my/images/webuser/ahli/2022/P068.jpg
15.0,P070,Perak,Kampar,YB Tuan,Chong Zhemin,1985.0,male,chinese,PH,,,https://www.parlimen.gov.my/images/webuser/ahli/2022/P070.jpg
15.0,P071,Perak,Gopeng,YB Tuan,Tan Kar Hing,1982.0,male,chinese,PH,,,https://www.parlimen.gov.my/images/webuser/ahli/2022/P071.jpg
15.0,P080,Pahang,Raub,YB Tuan,Chow Yu Hui,1983.0,male,chinese,PH,,,https://www.parlimen.gov.my/images/webuser/ahli/2022/P080.jpg
15.0,P089,Pahang,Bentong,YB Puan,Young Syefura binti Othman,1989.0,female,bumiputera,PH,,,https://www.parlimen.gov.my/images/webuser/ahli/2022/P089.jpg
15.0,P097,Selangor,Selayang,YB Tuan,William Leong Jee Keen,1957.0,male,chinese,PH,,,https://www.parlimen.gov.my/images/webuser/ahli/2022/P097.png
15.0,P098,Selangor,Gombak,YAB Dato' Seri,Amirudin bin Shari,1980.0,male,bumiputera,PH,,,https://www.parlimen.gov.my/images/webuser/ahli/2022/P098.png
15.0,P099,Selangor,Ampang,YB Puan Hajah,Rodziah binti Ismail,1964.0,female,bumiputera,PH,,,https://www.parlimen.gov.my/images/webuser/ahli/2022/P099.jpg
15.0,P101,Selangor,Hulu Langat,YB Tuan,Mohd Sany bin Hamzan,1977.0,male,bumiputera,PH,,,https://www.parlimen.gov.my/images/webuser/ahli/2022/P101.jpg
15.0,P102,Selangor,Bangi,YB Tuan,Syahredzan bin Johan,1983.0,male,bumiputera,PH,,,https://www.parlimen.gov.my/images/webuser/ahli/2022/P102.jpg
15.0,P103,Selangor,Puchong,YB Puan,Yeo Bee Yin,1983.0,female,chinese,PH,,,https://www.parlimen.gov.my/images/webuser/ahli/2022/P103.png
15.0,P104,Selangor,Subang,YB Tuan,Wong Chen,1969.0,male,chinese,PH,,,https://www.parlimen.gov.my/images/webuser/ahli/2022/P104.jpg
15.0,P105,Selangor,Petaling Jaya,YB Tuan,Lee Chean Chung,1981.0,male,chinese,PH,,,https://www.parlimen.gov.my/images/webuser/ahli/2022/P105.jpg
15.0,P108,Selangor,Shah Alam,YB Tuan Haji,Azli bin Yusof,1967.0,male,bumiputera,PH,,,https://www.parlimen.gov.my/images/webuser/ahli/2022/P108.jpg
15.0,P110,Selangor,Klang,YB Tuan,Ganabatirau a/l Veraman,1973.0,male,bumiputera,PH,,,https://www.parlimen.gov.my/images/webuser/ahli/2022/P110.jpg
15.0,P114,Kuala Lumpur,Kepong,YB Tuan,Lim Lip Eng,1972.0,male,chinese,PH,,,https://www.parlimen.gov.my/images/webuser/ahli/2022/P114.jpg
15.0,P115,Kuala Lumpur,Batu,YB Tuan,Prabakaran a/l M Parameswaran,1996.0,male,indian,PH,,,https://www.parlimen.gov.my/images/webuser/ahli/2022/P115.png
15.0,P116,Kuala Lumpur,Wangsa Maju,YB Tuan Ir. Ts.,Zahir bin Hassan,1959.0,male,bumiputera,PH,,,https://www.parlimen.gov.my/images/webuser/ahli/2022/P116.jpg
15.0,P120,Kuala Lumpur,Bukit Bintang,YB Tuan,Fong Kui Lun,1946.0,male,chinese,PH,,,https://www.parlimen.gov.my/images/webuser/ahli/2022/P120.png
15.0,P122,Kuala Lumpur,Seputeh,YB Puan,Teresa Kok Suh Sim,1964.0,female,chinese,PH,,,https://www.parlimen.gov.my/images/webuser/ahli/2022/P122.jpg
15.0,P123,Kuala Lumpur,Cheras,YB Tuan,Tan Kok Wai,1957.0,male,chinese,PH,,,https://www.parlimen.gov.my/images/webuser/ahli/2022/P123.jpg
15.0,P124,Kuala Lumpur,Bandar Tun Razak,YB Dato' Seri Dr.,Wan Azizah binti Dr. Wan Ismail,1952.0,female,bumiputera,PH,,,https://www.parlimen.gov.my/images/webuser/ahli/2022/P124.png
15.0,P130,Negeri Sembilan,Rasah,YB Tuan,Cha Kee Chin,1974.0,male,chinese,PH,,,https://www.parlimen.gov.my/images/webuser/ahli/2022/P130.jpg
15.0,P132,Negeri Sembilan,Port Dickson,YAB Dato' Seri,Aminuddin bin Harun,1967.0,male,bumiputera,PH,,,https://www.parlimen.gov.my/images/webuser/ahli/2022/PD.png
15.0,P138,Melaka,Kota Melaka,YB Tuan,Khoo Poay Tiong,1971.0,male,chinese,PH,,,https://www.parlimen.gov.my/images/webuser/ahli/2022/P138.jpg
15.0,P140,Johor,Segamat,YB Tuan,Yuneswaran a/l Ramaraj,1986.0,male,indian,PH,,,https://www.parlimen.gov.my/images/webuser/ahli/2022/P140.jpg
15.0,P142,Johor,Labis,YB Tuan,Pang Hok Liong,1957.0,male,chinese,PH,,,https://www.parlimen.gov.my/images/webuser/ahli/2022/P142.jpg
15.0,P144,Johor,Ledang,YB Tuan,Syed Ibrahim bin Syed Noh,1964.0,male,bumiputera,PH,,,https://www.parlimen.gov.my/images/webuser/ahli/2022/P144.jpg
15.0,P145,Johor,Bakri,YB Tuan,Tan Hong Pin,1981.0,male,chinese,PH,,,https://www.parlimen.gov.my/images/webuser/ahli/2022/P145.jpg
15.0,P149,Johor,Sri Gading,YB Tuan Haji,Aminolhuda bin Hassan,1959.0,male,bumiputera,PH,,,https://www.parlimen.gov.my/images/webuser/ahli/2022/P149.jpg
15.0,P150,Johor,Batu Pahat,YB Tuan Haji,Onn bin Abu Bakar,1963.0,male,bumiputera,PH,,,https://www.parlimen.gov.my/images/webuser/ahli/2022/P150.jpg
15.0,P152,Johor,Kluang,YB Puan,Wong Shu Qi,1983.0,female,bumiputera,PH,,,https://www.parlimen.gov.my/images/webuser/ahli/2022/P152.jpg
15.0,P158,Johor,Tebrau,YB Tuan,Jimmy Puah Wee Tse,1976.0,male,chinese,PH,,,https://www.parlimen.gov.my/images/webuser/ahli/2022/P158.jpg
15.0,P159,Johor,Pasir Gudang,YB Tuan,Hassan bin Abdul Karim,1951.0,male,bumiputera,PH,,,https://www.parlimen.gov.my/images/webuser/ahli/2022/P159.jpg
15.0,P161,Johor,Pulai,YB Tuan,Suhaizan bin Kaiat,1961.0,male,bumiputera,PH,,,https://www.parlimen.gov.my/images/webuser/ahli/2023/P161.jpg
15.0,P170,Sabah,Tuaran,YB Datuk Seri Panglima,Madius bin Tangau,1958.0,male,bumiputera,PH,,,https://www.parlimen.gov.my/images/webuser/ahli/2022/P170.png
15.0,P186,Sabah,Sandakan,YB Puan,Vivian Wong Shir Yee,1989.0,female,chinese,PH,,,https://www.parlimen.gov.my/images/webuser/ahli/2022/P186.png
15.0,P192,Sarawak,Mas Gading,YB Tuan,Mordi anak Bimol,1985.0,male,bumiputera,PH,,,https://www.parlimen.gov.my/images/webuser/ahli/2022/P192.png
15.0,P195,Sarawak,Bandar Kuching,YB Dr.,Kelvin Yii Lee Wuen,1986.0,male,chinese,PH,,,https://www.parlimen.gov.my/images/webuser/ahli/2022/P195.png
15.0,P196,Sarawak,Stampin,YB Tuan Chong Chieng Jen,,1971.0,male,chinese,PH,,,https://www.parlimen.gov.my/images/webuser/ahli/2022/P196.png
15.0,P212,Sarawak,Sibu,YB Tuan,Oscar Ling Chai Yew,1977.0,male,chinese,PH,,,https://www.parlimen.gov.my/images/webuser/ahli/2022/P212.jpg
15.0,P219,Sarawak,Miri,YB Tuan,Chiew Choon Man,1991.0,male,chinese,PH,,,https://www.parlimen.gov.my/images/webuser/ahli/2022/P219.jpg
15.0,P072,Perak,Tapah,YB Datuk Seri,Saravanan a/l Murugan,1968.0,male,indian,BN,,,https://www.parlimen.gov.my/images/webuser/ahli/2022/P072.png
15.0,P084,Pahang,Paya Besar,YB Dato' Indera,Mohd Shahar bin Abdullah,1980.0,male,bumiputera,BN,,,https://www.parlimen.gov.my/images/webuser/ahli/2022/P084.png
15.0,P085,Pahang,Pekan,YB Dato' Sri,Sh Mohmed Puzi bin Sh Ali,1957.0,male,bumiputera,BN,,,https://www.parlimen.gov.my/images/webuser/ahli/2022/P085.png
15.0,P090,Pahang,Bera,YB Dato' Sri,Ismail Sabri bin Yaakob,1960.0,male,bumiputera,BN,,,https://www.parlimen.gov.my/images/webuser/ahli/2022/YB Bera.jpg
15.0,P126,Negeri Sembilan,Jelebu,YB Datuk Seri,Jalaluddin bin Alias,1963.0,male,bumiputera,BN,,,https://www.parlimen.gov.my/images/webuser/ahli/2022/P126.jpg
15.0,P127,Negeri Sembilan,Jempol,YB Dato' Haji,Shamshulkahar bin Mohd Deli,1961.0,male,bumiputera,BN,,,https://www.parlimen.gov.my/images/webuser/ahli/2022/P127.jpg
15.0,P129,Negeri Sembilan,Kuala Pilah,YB Dato',Adnan bin Abu Hassan,1970.0,male,bumiputera,BN,,,https://www.parlimen.gov.my/images/webuser/ahli/2022/P129.jpg
15.0,P133,Negeri Sembilan,Tampin,YB Dato',Mohd Isam bin Mohd Isa,1969.0,male,bumiputera,BN,,,https://www.parlimen.gov.my/images/webuser/ahli/2022/P133.jpg
15.0,P148,Johor,Ayer Hitam,YB Datuk Seri Ir. Dr.,Wee Ka Siong,1968.0,male,chinese,BN,,,https://www.parlimen.gov.my/images/webuser/ahli/2022/P148.png
15.0,P151,Johor,Simpang Renggam,YB Datuk Seri Utama Ir.,Hasni bin Mohammad,1959.0,male,bumiputera,BN,,,https://www.parlimen.gov.my/images/webuser/ahli/2022/P151.png
15.0,P153,Johor,Sembrong,YB Dato' Seri,Hishammuddin bin Datuk Hussein,1961.0,male,bumiputera,BN,,,https://www.parlimen.gov.my/images/webuser/ahli/2022/P153.png
15.0,P155,Johor,Tenggara,YB Tuan Haji,Manndzri bin Haji Nasib,1980.0,male,bumiputera,BN,,,https://www.parlimen.gov.my/images/webuser/ahli/2022/P155.jpg
15.0,P165,Johor,Tanjung Piai,YB Dato' Sri Dr.,Wee Jeck Seng,1964.0,male,chinese,BN,,,https://www.parlimen.gov.my/images/webuser/ahli/2022/P165.png
15.0,P173,Sabah,Putatan,YB Datuk Ir.,Shahelmey bin Yahya,1973.0,male,bumiputera,BN,,,https://www.parlimen.gov.my/images/webuser/ahli/2022/P173.jpg
15.0,P177,Sabah,Beaufort,YB Datuk Hajah,Siti Aminah binti Aching,1962.0,female,bumiputera,BN,,,https://www.parlimen.gov.my/images/webuser/ahli/2022/P177.jpg
15.0,P184,Sabah,Libaran,YB Datuk,Suhaimi bin Nasir,1968.0,male,bumiputera,BN,,,https://www.parlimen.gov.my/images/webuser/ahli/2022/P184.png
15.0,P187,Sabah,Kinabatangan,YB Datuk Seri Panglima,Moktar bin Radin,1959.0,male,bumiputera,BN,,,https://www.parlimen.gov.my/images/webuser/ahli/2022/P187.png
15.0,P191,Sabah,Kalabakan,YB Datuk,Andi Muhammad Suryady bin Bandy,1981.0,male,bumiputera,BN,,,https://www.parlimen.gov.my/images/webuser/ahli/2022/P191.jpg
15.0,P198,Sarawak,Puncak Borneo,YB Datuk,Willie anak Mongin,1975.0,male,bumiputera,GPS,,,https://www.parlimen.gov.my/images/webuser/ahli/2022/P198.jpg
15.0,P199,Sarawak,Serian,YB Dato' Sri Dr.,Richard Riot anak Jaem,1951.0,male,bumiputera,GPS,,,https://www.parlimen.gov.my/images/webuser/ahli/2022/P199.jpg
15.0,P200,Sarawak,Batang Sadong,YB Puan,Rodiyah binti Sapiee,1978.0,female,bumiputera,GPS,,,https://www.parlimen.gov.my/images/webuser/ahli/2022/P200.jpg
15.0,P201,Sarawak,Batang Lupar,YB Tuan Mohamad Shafizan Haji,Kepli,1985.0,male,bumiputera,GPS,,,https://www.parlimen.gov.my/images/webuser/ahli/2022/P201.jpg
15.0,P202,Sarawak,Sri Aman,YB Dato' Sri,Doris Sophia anak Brodi,1960.0,female,bumiputera,GPS,,,https://www.parlimen.gov.my/images/webuser/ahli/2022/P202 Doris.jpg
15.0,P203,Sarawak,Lubok Antu,YB Tuan,Roy Angau anak Gingkoi,1979.0,male,bumiputera,GPS,,,https://www.parlimen.gov.my/images/webuser/ahli/2022/P203.jpg
15.0,P204,Sarawak,Betong,YB Dr.,Richard Rapu @ Aman anak Begri,1964.0,male,bumiputera,GPS,,,https://www.parlimen.gov.my/images/webuser/ahli/2022/P204.jpg
15.0,P206,Sarawak,Tanjong Manis,YB Tuan Ir. Haji,Yusuf bin Abd Wahab,1964.0,male,bumiputera,GPS,,,https://www.parlimen.gov.my/images/webuser/ahli/2022/P206.jpg
15.0,P207,Sarawak,Igan,YB Tuan Haji,Ahmad Johnie bin Zawawi,1962.0,male,bumiputera,GPS,,,https://www.parlimen.gov.my/images/webuser/ahli/2022/P207.jpg
15.0,P214,Sarawak,Selangau,YB Tuan,Edwin anak Banta,1965.0,male,bumiputera,GPS,,,https://www.parlimen.gov.my/images/webuser/ahli/2022/P214.jpg
15.0,P220,Sarawak,Baram,YB Dato,Anyi Ngau,1958.0,male,bumiputera,GPS,,,https://www.parlimen.gov.my/images/webuser/ahli/2022/P220.jpg
15.0,P222,Sarawak,Lawas,YB Dato,Henry Sum Agong,1946.0,male,bumiputera,GPS,,,https://www.parlimen.gov.my/images/webuser/ahli/2022/P222.jpg
15.0,P178,Sabah,Sipitang,YB Datuk,Matbali bin Musah,1969.0,male,bumiputera,GRS,,,https://www.parlimen.gov.my/images/webuser/ahli/2022/P178.jpg
15.0,P179,Sabah,Ranau,YB Datuk,Jonathan bin Yasin,1967.0,male,bumiputera,GRS,,,https://www.parlimen.gov.my/images/webuser/ahli/2022/P179.png
15.0,P180,Sabah,Keningau,YB Datuk Seri Panglima Dr.,Jeffrey G. Kitingan,1947.0,male,bumiputera,GRS,,,https://www.parlimen.gov.my/images/webuser/ahli/2022/P180.png
15.0,P190,Sabah,Tawau,YB Tuan,Lo Su Fui,1981.0,male,chinese,GRS,,,https://www.parlimen.gov.my/images/webuser/ahli/2022/P190.jpg
15.0,P169,Sabah,Kota Belud,YB Puan,Isnaraissah Munirah bt Majilis@Fakharudy,1982.0,female,bumiputera,WARISAN,,,https://www.parlimen.gov.my/images/webuser/ahli/2022/P169.png
15.0,P189,Sabah,Semporna,YB Datuk Seri Panglima Haji,Mohd Shafie bin Apdal,1957.0,male,bumiputera,WARISAN,,,https://www.parlimen.gov.my/images/webuser/ahli/2022/P189.png
15.0,P168,Sabah,Kota Marudu,YB Datuk,Wetrom bin Bahanda,1970.0,male,bumiputera,KDM,,,https://www.parlimen.gov.my/images/webuser/ahli/2022/P168.jpg
15.0,P209,Sarawak,Julau,YB Datuk,Larry Soon @ Larry Sng Wei Shien,1979.0,male,chinese,PBM,,,https://www.parlimen.gov.my/images/webuser/ahli/2022/P209.jpg
15.0,P030,Kelantan,Jeli,YB Tuan,Zahari bin Kechik,1960.0,male,bumiputera,,,,https://www.parlimen.gov.my/images/webuser/ahli/2022/P030.jpg
15.0,P032,Kelantan,Gua Musang,YB Tuan,Mohd Azizi bin Abu Naim,1972.0,male,bumiputera,,,,https://www.parlimen.gov.my/images/webuser/ahli/2022/P032.jpg
15.0,P059,Perak,Bukit Gantang,YB Dato',Syed Abu Hussin bin Hafiz Syed Abdul Fasal,1960.0,male,bumiputera,,,,https://www.parlimen.gov.my/images/webuser/ahli/2022/P059.jpg
15.0,P067,Perak,Kuala Kangsar,YB Datuk,Iskandar Dzulkarnain bin Abdul Khalid,1976.0,male,bumiputera,,,,https://www.parlimen.gov.my/images/webuser/ahli/2022/P067.jpg
15.0,P095,Selangor,Tanjong Karang,YB Dato' Dr.,Zulkafperi bin Hanapi,1959.0,male,bumiputera,,,,https://www.parlimen.gov.my/images/webuser/ahli/2022/P095.jpg
15.0,P166,Labuan,Labuan,YB Dato' Indera Dr.,Suhaili bin Abdul Rahman,1961.0,male,bumiputera,,,,https://www.parlimen.gov.my/images/webuser/ahli/2022/P166.jpg
15.0,P001,Perlis,Padang Besar,YB Tuan,Rushdan bin Rusmi,1978.0,male,bumiputera,PN,,,https://www.parlimen.gov.my/images/webuser/ahli/2022/P001.jpg
15.0,P002,Perlis,Kangar,YB Tuan,Zakri bin Hassan,1965.0,male,bumiputera,PN,,,https://www.parlimen.gov.my/images/webuser/ahli/2022/P002.jpg
15.0,P003,Perlis,Arau,YB Dato' Seri Dr.,Shahidan bin Kassim,1951.0,male,bumiputera,PN,,,https://www.parlimen.gov.my/images/webuser/ahli/2022/P003.jpg
15.0,P004,Kedah,Langkawi,YB Dato' Haji,Mohd Suhaimi bin Haji Abdullah,1976.0,male,bumiputera,PN,,,https://www.parlimen.gov.my/images/webuser/ahli/2022/P004.jpg
15.0,P005,Kedah,Jerlun,YB Dr. Haji,Abd Ghani bin Ahmad,1970.0,male,bumiputera,PN,,,https://www.parlimen.gov.my/images/webuser/ahli/2022/P005.jpg
15.0,P006,Kedah,Kubang Pasu,YB Dato' Wira Dr.,Ku Abd Rahman bin Ku Ismail,1952.0,male,bumiputera,PN,,,https://www.parlimen.gov.my/images/webuser/ahli/2022/P006.jpg
15.0,P007,Kedah,Padang Terap,YB Tuan,Nurul Amin bin Hamid,1983.0,male,bumiputera,PN,,,https://www.parlimen.gov.my/images/webuser/ahli/2022/P007.jpg
15.0,P008,Kedah,Pokok Sena,YB Dato' Haji,Ahmad bin Saad @ Yahaya,1975.0,male,bumiputera,PN,,,https://www.parlimen.gov.my/images/webuser/ahli/2022/P008.jpg
15.0,P009,Kedah,Alor Setar,YB Tuan,Afnan Hamimi bin Dato' Haji Taib Azamudden,1981.0,male,bumiputera,PN,,,https://www.parlimen.gov.my/images/webuser/ahli/2022/P009.jpg
15.0,P010,Kedah,Kuala Kedah,YB Dr.,Ahmad Fakhruddin bin Fakhrurazi,1971.0,male,bumiputera,PN,,,https://www.parlimen.gov.my/images/webuser/ahli/2022/P010.jpg
15.0,P011,Kedah,Pendang,YB Datuk Haji,Awang bin Hashim,1964.0,male,bumiputera,PN,,,https://www.parlimen.gov.my/images/webuser/ahli/2022/P011.jpg
15.0,P012,Kedah,Jerai,YB Tuan,Sabri bin Azit,1966.0,male,bumiputera,PN,,,https://www.parlimen.gov.my/images/webuser/ahli/2022/P012.jpg
15.0,P013,Kedah,Sik,YB Tuan,Ahmad Tarmizi bin Sulaiman,1976.0,male,bumiputera,PN,,,https://www.parlimen.gov.my/images/webuser/ahli/2022/P013.jpg
15.0,P014,Kedah,Merbok,YB Tuan,Mohd Nazri bin Abu Hassan,1970.0,male,bumiputera,PN,,,https://www.parlimen.gov.my/images/webuser/ahli/2022/P014.jpg
15.0,P016,Kedah,Baling,YB Tuan,Hassan bin Saad,1957.0,male,bumiputera,PN,,,https://www.parlimen.gov.my/images/webuser/ahli/2022/P016.jpg
15.0,P017,Kedah,Padang Serai,YB Dato',Azman bin Nasrudin,1972.0,male,bumiputera,PN,,,https://www.parlimen.gov.my/images/webuser/ahli/2022/P017.jpg
15.0,P018,Kedah,Kulim Bandar Baharu,YB Tuan,Roslan bin Hashim,1967.0,male,bumiputera,PN,,,https://www.parlimen.gov.my/images/webuser/ahli/2022/P018.jpg
15.0,P019,Kelantan,Tumpat,YB Dato' Hajjah,Mumtaz binti Md Nawi,1972.0,female,bumiputera,PN,,,https://www.parlimen.gov.my/images/webuser/ahli/2022/P019.jpg
15.0,P020,Kelantan,Pengkalan Chepa,YB Datuk Dr.,Ahmad Marzuk bin Shaary,1976.0,male,bumiputera,PN,,,https://www.parlimen.gov.my/images/webuser/ahli/2022/P020.png
15.0,P021,Kelantan,Kota Bharu,YB Datuk Seri,Takiyuddin bin Hassan,1961.0,male,bumiputera,PN,,,https://www.parlimen.gov.my/images/webuser/ahli/2022/P021.png
15.0,P022,Kelantan,Pasir Mas,YB Tuan Haji,Ahmad Fadhli bin Shaari,1980.0,male,bumiputera,PN,,,https://www.parlimen.gov.my/images/webuser/ahli/2022/P022.jpg
15.0,P023,Kelantan,Rantau Panjang,YB Dato',Siti Zailah binti Mohd Yusoff,1963.0,female,bumiputera,PN,,,https://www.parlimen.gov.my/images/webuser/ahli/2022/P023.jpg
15.0,P024,Kelantan,Kubang Kerian,YB Dato' Sri Tuan,Ibharim bin Tuan Man,1960.0,male,bumiputera,PN,,,https://www.parlimen.gov.my/images/webuser/ahli/2022/P024.png
15.0,P025,Kelantan,Bachok,YB Tuan Haji,Mohd Syahir bin Che Sulaiman,1983.0,male,bumiputera,PN,,,https://www.parlimen.gov.my/images/webuser/ahli/2022/P025.jpg
15.0,P026,Kelantan,Ketereh,YB Dato',Khlir bin Mohd Nor,1958.0,male,bumiputera,PN,,,https://www.parlimen.gov.my/images/webuser/ahli/2022/P026.jpg
15.0,P027,Kelantan,Tanah Merah,YB Dato' Sri,Ikmal Hisham bin Abdul Aziz,1965.0,male,bumiputera,PN,,,https://www.parlimen.gov.my/images/webuser/ahli/2022/P027.png
15.0,P028,Kelantan,Pasir Puteh,YB Datuk Dr.,Nik Muhammad Zawawi bin Salleh,1967.0,male,bumiputera,PN,,,https://www.parlimen.gov.my/images/webuser/ahli/2022/P028.jpg
15.0,P029,Kelantan,Machang,YB Tuan,Wan Ahmad Fayhsal bin Wan Ahmad Kamal,1987.0,male,bumiputera,PN,,,https://www.parlimen.gov.my/images/webuser/ahli/2022/P029.jpg
15.0,P031,Kelantan,Kuala Krai,YB Tuan Haji,Abdul Latiff bin Abdul Rahman,1971.0,male,bumiputera,PN,,,https://www.parlimen.gov.my/images/webuser/ahli/2022/P031.jpg
15.0,P033,Terengganu,Besut,YB Datuk,Che Mohamad Zulkifly bin Jusoh,1959.0,male,bumiputera,PN,,,https://www.parlimen.gov.my/images/webuser/ahli/2022/P033.jpg
15.0,P034,Terengganu,Setiu,YB Tuan,Shaharizukirnain bin Abd Kadir,1969.0,male,bumiputera,PN,,,https://www.parlimen.gov.my/images/webuser/ahli/2022/P034.jpg
15.0,P035,Terengganu,Kuala Nerus,YB Dato' Dr. Hj.,Alias bin Razak,1959.0,male,bumiputera,PN,,,https://www.parlimen.gov.my/images/webuser/ahli/2022/P035.jpg
15.0,P036,Terengganu,Kuala Terengganu,YB Datuk,Ahmad Amzad bin Mohamed @ Hashim,1970.0,male,bumiputera,PN,,,https://www.parlimen.gov.my/images/webuser/ahli/2022/P036.jpg
15.0,P037,Terengganu,Marang,YB Tan Sri Dato' Seri Haji,Abdul Hadi bin Awang,1947.0,male,bumiputera,PN,,,https://www.parlimen.gov.my/images/webuser/ahli/2022/P037.png
15.0,P038,Terengganu,Hulu Terengganu,YB Dato',Rosol bin Wahid,1964.0,male,bumiputera,PN,,,https://www.parlimen.gov.my/images/webuser/ahli/2022/P038.png
15.0,P039,Terengganu,Dungun,YB Tuan Haji,Wan Hassan bin Mohd Ramli,1957.0,male,bumiputera,PN,,,https://www.parlimen.gov.my/images/webuser/ahli/2022/P039.jpg
15.0,P040,Terengganu,Kemaman,YAB Dato' Seri Ir. Dr.,Ahmad Samsuri bin Mokhtar,1971.0,male,bumiputera,PN,,,https://www.parlimen.gov.my/images/webuser/ahli/2023/YB Samsuri.png
15.0,P041,Pulau Pinang,Kepala Batas,YB Dr.,Siti Mastura binti Muhammad,1989.0,female,bumiputera,PN,,,https://www.parlimen.gov.my/images/webuser/ahli/2022/P041.jpg
15.0,P042,Pulau Pinang,Tasek Gelugor,YB Datuk,Wan Saifulruddin bin Wan Jan,1975.0,male,bumiputera,PN,,,https://www.parlimen.gov.my/images/webuser/ahli/2022/P042.jpg
15.0,P044,Pulau Pinang,Permatang Pauh,YB Tuan Haji,Muhammad Fawwaz bin Mohamad Jan,1983.0,male,bumiputera,PN,,,https://www.parlimen.gov.my/images/webuser/ahli/2022/P044.jpg
15.0,P054,Perak,Gerik,YB Tuan,Fathul Huzir bin Ayob,1983.0,male,bumiputera,PN,,,https://www.parlimen.gov.my/images/webuser/ahli/2022/P054.jpg
15.0,P056,Perak,Larut,YB Dato' Seri,Hamzah bin Zainudin,1957.0,male,bumiputera,PN,,,https://www.parlimen.gov.my/images/webuser/ahli/2022/P056.png
15.0,P057,Perak,Parit Buntar,YB Tuan Haji,Mohd Misbahul Munir bin Masduki,1963.0,male,bumiputera,PN,,,https://www.parlimen.gov.my/images/webuser/ahli/2022/P057.jpg
15.0,P058,Perak,Bagan Serai,YB Datuk,Idris bin Ahmad,1963.0,male,bumiputera,PN,,,https://www.parlimen.gov.my/images/webuser/ahli/2022/P058.jpg
15.0,P061,Perak,Padang Rengas,,YB Kapten Azahari bin Hasan,1974.0,male,bumiputera,PN,,,https://www.parlimen.gov.my/images/webuser/ahli/2022/P061.jpg
15.0,P069,Perak,Parit,YB Tuan Haji,Muhammad Ismi bin Mat Taib,1974.0,male,bumiputera,PN,,,https://www.parlimen.gov.my/images/webuser/ahli/2022/P069.jpg
15.0,P073,Perak,Pasir Salak,YB Tuan Haji,Jamaludin bin Yahya,1971.0,male,bumiputera,PN,,,https://www.parlimen.gov.my/images/webuser/ahli/2022/P073.jpg
15.0,P074,Perak,Lumut,YB Komander,Nordin bin Ahmad Ismail TLDM(Bersara),1965.0,male,bumiputera,PN,,,https://www.parlimen.gov.my/images/webuser/ahli/2022/P074.jpeg
15.0,P081,Pahang,Jerantut,YB Ir. Ts. Hj.,Khairil Nizam bin Khirudin,1979.0,male,bumiputera,PN,,,https://www.parlimen.gov.my/images/webuser/ahli/2022/P081.jpg
15.0,P082,Pahang,Indera Mahkota,YB Dato' Sri,Saifuddin bin Abdullah,1961.0,male,bumiputera,PN,,,https://www.parlimen.gov.my/images/webuser/ahli/2022/P082.png
15.0,P083,Pahang,Kuantan,YB Tuan,Wan Razali bin Wan Nor,1981.0,male,bumiputera,PN,,,https://www.parlimen.gov.my/images/webuser/ahli/2022/P083.jpg
15.0,P086,Pahang,Maran,YB Dato' Sri Dr. Haji,Ismail bin Abd. Muttalib,1954.0,male,bumiputera,PN,,,https://www.parlimen.gov.my/images/webuser/ahli/2022/P086.jpg
15.0,P087,Pahang,Kuala Krau,YB Tuan,Kamal bin Ashaari,1970.0,male,bumiputera,PN,,,https://www.parlimen.gov.my/images/webuser/ahli/2022/P087.jpg
15.0,P088,Pahang,Temerloh,YB Puan Hajah,Salamiah binti Mohd Nor,1964.0,female,bumiputera,PN,,,https://www.parlimen.gov.my/images/webuser/ahli/2022/P088.jpg
15.0,P091,Pahang,Rompin,YB Dato',Abdul Khalib bin Abdullah,1959.0,male,bumiputera,PN,,,https://www.parlimen.gov.my/images/webuser/ahli/2022/P091.jpg
15.0,P092,Selangor,Sabak Bernam,YB Tuan,Kalam bin Salan,1965.0,male,bumiputera,PN,,,https://www.parlimen.gov.my/images/webuser/ahli/2022/P092.jpg
15.0,P093,Selangor,Sungai Besar,YB Datuk,Muslimin bin Yahaya,1967.0,male,bumiputera,PN,,,https://www.parlimen.gov.my/images/webuser/ahli/2022/P093.png
15.0,P094,Selangor,Hulu Selangor,YB Tuan Haji,Mohd Hasnizan bin Harun,1970.0,male,bumiputera,PN,,,https://www.parlimen.gov.my/images/webuser/ahli/2022/P094.jpg
15.0,P109,Selangor,Kapar,YB Dr. Hajah,Halimah Ali,1960.0,female,bumiputera,PN,,,https://www.parlimen.gov.my/images/webuser/ahli/2022/P109.jpg
15.0,P112,Selangor,Kuala Langat,YB Dato' Dr.,Ahmad Yunus bin Hairi,1965.0,male,bumiputera,PN,,,https://www.parlimen.gov.my/images/webuser/ahli/2022/P112.jpg
15.0,P125,Putrajaya,Putrajaya,YB Datuk Dr.,Radzi Jidin,1977.0,male,bumiputera,PN,,,https://www.parlimen.gov.my/images/webuser/ahli/2022/P125.png
15.0,P134,Melaka,Masjid Tanah,YB Datuk Wira,Mas Ermieyati binti Samsudin,1976.0,female,bumiputera,PN,,,https://www.parlimen.gov.my/images/webuser/ahli/2022/P134.png
15.0,P136,Melaka,Tangga Batu,YB Tuan Haji,Bakri bin Jamaluddin,1965.0,male,bumiputera,PN,,,https://www.parlimen.gov.my/images/webuser/ahli/2022/P136.jpg
15.0,P139,Melaka,Jasin,YB Tuan,Zulkifli bin Ismail,1966.0,male,bumiputera,PN,,,https://www.parlimen.gov.my/images/webuser/ahli/2022/P139.jpg
15.0,P143,Johor,Pagoh,YB Tan Sri Dato' Haji,Mahiaddin bin Md Yasin,1947.0,male,bumiputera,PN,,,https://www.parlimen.gov.my/images/webuser/ahli/2022/P143.png
15.0,P154,Johor,Mersing,YB Tuan Haji,Muhammad Islahuddin bin Abas,1988.0,male,bumiputera,PN,,,https://www.parlimen.gov.my/images/webuser/ahli/2022/P154.jpg
15.0,P183,Sabah,Beluran,YB Datuk Seri Dr.,Ronald Kiandee,1961.0,male,bumiputera,PN,,,https://www.parlimen.gov.my/images/webuser/ahli/2022/P183.png
15.0,P205,Sarawak,Saratok,YB Datuk,Ali anak Biju,1968.0,male,bumiputera,PN,,,https://www.parlimen.gov.my/images/webuser/ahli/2022/P205.png
15.0,P146,Johor,Muar,YB Tuan,Syed Saddiq bin Syed Abdul Rahman,1993.0,male,bumiputera,MUDA,,,https://www.parlimen.gov.my/images/webuser/ahli/2022/P146.png
15.0,P167,Sabah,Kudat,YB Dato',Verdon bin Bahanda,1973.0,male,bumiputera,BEBAS,,,https://www.parlimen.gov.my/images/webuser/ahli/2022/P167.jpg
15.0,P181,Sabah,Tenom,YB Tuan,Riduan bin Rubin,1987.0,male,bumiputera,BEBAS,,,https://www.parlimen.gov.my/images/webuser/ahli/2022/P181.jpg
