Nama,Jawatan_dalam_Kabinet,Tempat_Duduk,Parlimen,Kawasan,Negeri,No_Telefon,No_Faks,Email,Alamat_Surat-menyurat,Gambar,vol,Parti,Jawatan_dalam_Parlimen,Hubungi
YB Tan Sri Dato' (Dr.) Johari bin Abdul,Yang di-Pertua Dewan Rakyat,,,,-,03-26017260,03-20708654,johariabdul@parlimen.gov.my,"PEJABAT YANG DI-PERTUA DEWAN RAKYAT, JALAN PARLIMEN, PARLIMEN MALAYSIA, 50680, KUALA LUMPUR",/images/webuser/ahli/2022/ypdr.jpg,15.0,,,
YB Dato' Dr. Ramli bin Dato' Mohd Nor,Timbalan Yang di-Pertua Dewan Rakyat,A-26,P078,Cameron Highlands,Pahang,-,05-4912526,pusatkhidmatbnch@gmail.com,"Pejabat Timbalan Yang di-Pertua Dewan Rakyat I, Bangunan Parlimen, Parlimen Malaysia, 50680 Kuala Lumpur",/images/webuser/ahli/2022/P078.jpg,15.0,BN,FB : //www.facebook.com/Ramli4CH,
YB Puan Alice Lau Kiong Yieng,Timbalan Yang di-Pertua Dewan Rakyat,A-27,P211,Lanang,Sarawak,03-2601 7222,03-20704671,alicelau@parlimen.gov.my,"Pejabat Timbalan Yang di-Pertua Dewan Rakyat II, Bangunan Parlimen, Parlimen Malaysia, 50680 Kuala Lumpur",/images/webuser/ahli/2022/YB Lanang.JPG,15.0,PH,FB : //www.facebook.com/alicelky,
Dr. Nizam Mydin bin Bacha Mydin,Setiausaha Dewan Rakyat,Setiausaha Dewan Rakyat,,,-,03-26017372,03-26017372,nizam.mydin@parlimen.gov.my,"Pejabat Setiausaha Dewan Rakyat, Bangunan Parlimen, Jalan Parlimen, 50680 Kuala Lumpur.",/images/webuser/ahli/2022/Dr Nizam v2.jpg,15.0,,,
YAB Dato' Seri Anwar bin Ibrahim,Ketua Majlis,A-1,P063,Tambun,Perak,03-88888000,03-88883444,anwaribrahim@pmo.gov.my,"Pejabat Perdana Menteri, Blok Utama, Bangunan Perdana Putra, Pusat Pentadbiran Kerajaan Persekutuan, 62502 Putrajaya, Malaysia",/images/webuser/ahli/2022/P063.png,15.0,PH,,Perdana Menteri dan Menteri Kewangan
YAB Dato' Seri Dr. Ahmad Zahid bin Hamidi,Timbalan Ketua Majlis,A-2,P075,Bagan Datuk,Perak,03-8872 4830,03-8888 3430,zahid@jpm.gov.my,"Pejabat Timbalan Perdana Menteri, Aras 4, Blok Barat, Bangunan Perdana Putra, Pusat Pentadbiran Kerajaan Persekutuan, 62520 Putrajaya",/images/webuser/ahli/2022/YAB TPM 1.jpg,15.0,BN,,Timbalan Perdana Menteri dan Menteri Kemajuan Desa dan Wilayah
YAB Dato' Sri Haji Fadillah bin Haji Yusof,Timbalan Ketua Majlis,A-3,P194,Petra Jaya,Sarawak,082-444390,082-445390,fadillah194@gmail.com,"Pejabat Timbalan Perdana Menteri, Aras 4, Blok Barat, Bangunan Perdana Putra, Pusat Pentadbiran Kerajaan Persekutuan, 62520 Putrajaya",/images/webuser/ahli/2022/P194.jpg,15.0,GPS,,Timbalan Perdana Menteri dan Menteri Peralihan Tenaga dan Transformasi Air
YB Tuan Loke Siew Fook,,A-4,P128,Seremban,Negeri Sembilan,03-8892 1013,-,loke@mot.gov.my,"Pejabat Menteri, Kementerian Pengangkutan Malaysia, No. 26, Jalan Tun Hussein, Presint 4, 62100 W.P. Putrajaya",/images/webuser/ahli/2022/P128.png,15.0,PH,,Menteri Pengangkutan
YB Datuk Seri Haji Mohamad bin Sabu,,A-5,P111,Kota Raja,Selangor,03-88701003,03-88701035,mohamad.sabu@mafi.gov.my,"Pejabat Menteri, Aras 17, Wisma Tani, No. 28, Persiaran Perdana, Presint 4, Pusat Pentadbiran Kerajaan Persekutuan, 62624 Putrajaya",/images/webuser/ahli/2022/P111.png,15.0,PH,,Menteri Pertanian dan Keterjaminan Makanan
YB Dato' Seri Mohd Rafizi bin Ramli,,B-1,P100,Pandan,Selangor,03-80902001,-,rafizi.ramli@epu.gov.my,"Pejabat Menteri, Kementerian Ekonomi, Menara Prisma, No. 26, Persiaran Perdana, Presint 3, Pusat Pentadbiran Kerajaan, Persekutuan, 62675 Putrajaya",/images/webuser/ahli/2022/P100.png,15.0,PH,,Menteri Ekonomi
YB Tuan Nga Kor Ming,,B-2,P076,Teluk Intan,Perak,03-88915012,05-2535803,ngakorming@kpkt.gov.my,"Pejabat YB Menteri,Kementerian Perumahan Dan Kerajaan Tempatan, Aras 18, No. 51, Persiaran Perdana, Presint 4, 62100 Putrajaya",/images/webuser/ahli/2022/P076.png,15.0,PH,,Menteri Perumahan Dan Kerajaan Tempatan
YB Dato' Seri Utama Haji Mohamad bin Haji Hasan,,B-3,P131,Rembau,Negeri Sembilan,03-88874503,03-88892855,mohamad.hasan@kln.gov.my,"Pejabat Menteri Kementerian Luar Negeri Malaysia, Kompleks Wisma Putra No. 1, Jalan Wisma Putra Persint 2, Pusat pentadbiran Kerajaan Persekutuan 62602 Putrajaya Malaysia",/images/webuser/ahli/2022/P131.png,15.0,BN,FB : Dato' Seri Utama Haji Mohamad Bin Haji Hasan  IG : mohamadhjhasan,Menteri Luar Negeri
YB Dato Sri Alexander Nanta Linggi,,B-4,P215,Kapit,Sarawak,03-27714036,03-27713288,alexlinggi@kkr.gov.my,"Kementerian Kerja Raya Malaysia, Tingkat 5, Blok A, Kompleks Kerja Raya, Jalan Sultan Salahudin, 50580 Kuala Lumpur.",/images/webuser/ahli/2022/P215.jpg,15.0,GPS,FB : //www.facebook.com/alexnantalinggi  Twitter : //twitter.com/alexnantalinggi  IG : //instagram.com/alexandernantalinggi,Menteri Kerja Raya
YB Dato' Seri Mohamed Khaled bin Nordin,,A-7,P156,Kota Tinggi,Johor,03-40121000,03-20714551,khaled.nordin@mod.gov.my,"Pejabat Menteri Pertahanan, Kementerian Pertahanan Tingkat 5, Wisma Pertahanan, Jalan Padang Tembak, 50634 Kuala Lumpur.",/images/webuser/ahli/2022/P156.png,15.0,BN,,Menteri Pertahanan
YB Tuan Chang Lih Kang,,A-9,P077,Tanjong Malim,Perak,03-88858008,03-88891818,changlihkang@mosti.gov.my,"Pejabat Menteri, Kementerian Sains, Teknologi Dan Inovasi, Blok C5 Aras 7, Kompleks C, Pusat Pentadbiran Kerajaan Persekutuan, 62662, Putrajaya, MALAYSIA",/images/webuser/ahli/2022/P077.jpg,15.0,PH,,"Menteri Sains, Teknologi dan Inovasi"
YB Dato' Sri Hajah Nancy binti Shukri,,B-8,P193,Santubong,Sarawak,03-8000 8000,-,nancyshukri@kpwkm.gov.my,"Kementerian Pembangunan Wanita, Keluarga dan Masyarakat, Aras 38, No.55, Persiaran Perdana,Presint 4, 62100 Putrajaya",/images/webuser/ahli/2022/santubong.jpg,15.0,GPS,,"Menteri Pembangunan Wanita, Keluarga dan Masyarakat"
YB Dato' Sri Azalina binti Othman Said,,A-11,P157,Pengerang,Johor,03-88851001,03-88851947,ybaos63@jpm.gov.my,"Pejabat Menteri, Bahagian Hal Ehwal Undang-Undang (BHEUU), Aras 4-8, Bangunan Hal Ehwal Undang-Undang, Presint 3, Pusat Pentadbiran Kerajaan Persekutuan, 62692 Wilayah Persekutuan Putrajaya.",/images/webuser/ahli/2022/P157.png,15.0,BN,FB : Azalina Othman Said  Twitter : @AzalinaOthmanS  IG : Azalinaothmansaid,Menteri di Jabatan Perdana Menteri (Undang-undang dan Reformasi Institusi)
YB Tuan Nik Nazmi bin Nik Ahmad,,A-10,P118,Setiawangsa,Kuala Lumpur,03-80917001,03-88891057,niknazmi@nres.gov.my,"Kementerian Sumber Asli dan Kelestarian Alam,  Aras 9, Blok F11, Kompleks F Lebuh Perdana Timur Pusat Pentadbiran Kerajaan Persekutuan 62000 Putrajaya.",/images/webuser/ahli/2022/P118.png,15.0,PH,FB : //www.facebook.com/niknazminikahmad  IG : //instagram.com/niknazminikahmad,Menteri Sumber Asli dan Kelestarian Alam
YB Datuk Ewon Benedick,,B-5,P174,Penampang,Sabah,03-8883 6002,03-8889 3775,ewonbenedick@kuskop.gov.my,"Pejabat Menteri, Kementerian Pembangunan Usahawan dan Koperasi, Blok E4/5, Kompleks Kerajaan Parcel E, Pusat Pentadbiran Kerajaan Persekutuan, 62668 Putrajaya Malaysia.",/images/webuser/ahli/2022/P174.png,15.0,PH,FB : Ewon Benedick Official Media  Twitter : @Ewon_media  IG : ewonbenedickofficialmedia,Menteri Pembangunan Usahawan dan Koperasi
YB Dato Sri Tiong King Sing,,A-16,P217,Bintulu,Sarawak,03-8891 7001,03-8891 7011,minister@motac.gov.my,"Pejabat Menteri, Kementerian Pelancongan, Seni dan Budaya, Aras 18, No. 2, Menara 1, Jalan P5/6, Presint 5, 62200 PUTRAJAYA",/images/webuser/ahli/2022/P217.png,15.0,GPS,,"Menteri Pelancongan, Seni dan Budaya"
YB Tuan Ahmad Fahmi bin Mohamed Fadzil,,B-7,P121,Lembah Pantai,Kuala Lumpur,03-89115114,03-89115099,fahmi@komunikasi.gov.my,"Pejabat Menteri, Kementerian Komunikasi, Aras 37, Lot 4G9 Persiaran Perdana, Presint 4, Pusat Pentadbiran Kerajaan Persekutuan, 62100 Putrajaya, Malaysia.",/images/webuser/ahli/2022/P121.png,15.0,PH,,Menteri Komunikasi
YB Puan Fadhlina binti Sidek,,A-12,P047,Nibong Tebal,Pulau Pinang,03-88846025,03-88895846,fadhlina.keadilan@gmail.com/pusatkhidmatnibongtebal@gmail.com,"Pejabat Menteri Pendidikan Aras 10 Blok E8,Kompleks E Pusat Pentadbiran Kerajaan Persekutuan, 62604 Wilayah Persekutuan Putrajaya",/images/webuser/ahli/2022/P047.jpg,15.0,PH,FB : //www.facebook.com/fadhlina.datosidek  Twitter : //twitter.com/FadhlinaSiddiq  IG : //www.instagram.com/fadhlinasidekcomms/,Menteri Pendidikan
YB Datuk Aaron Ago anak Dagang,,A-13,P210,Kanowit,Sarawak,03-8091 8201,-,aaron.ago@perpaduan.gov.my,"Pejabat Menteri, Kementerian Perpaduan Negara, Aras 5 - 10, Blok F9, Parcel F, Lebuh Perdana Timur, Presint 1, 62000 Putrajaya, Malaysia",/images/webuser/ahli/2022/P210.png,15.0,GPS,,Menteri Perpaduan Negara
YB Puan Hannah Yeoh Tseow Suan,,B-11,P117,Segambut,Kuala Lumpur,03-88713003,03-8888 8770,hannahyeoh@kbs.gov.my,"Pejabat Menteri Belia dan Sukan, Aras 17, Menara KBS Kementerian Belia dan Sukan, No 27 Persiaran Perdana, Presint 4, Pusat Pentadbiran Kerajaan Persekutuan,62570 Putrajaya",/images/webuser/ahli/2022/P117.png,15.0,PH,FB : www.facebook.com/hannahyeoh  Twitter : @hannahyeoh  IG : @hannahyeoh,Menteri Belia dan Sukan
YB Dr. Zaliha binti Mustafa,,B-12,P141,Sekijang,Johor,03-88923652,03-88880375,zaliha@jpm.gov.my,"Pejabat Menteri Jabatan Wilayah Persekutuan Kementerian Wilayah Aras 4, Blok 2, Menara Seri Wilayah Presint 2, 62100 Putrajaya",/images/webuser/ahli/2022/P141.jpg,15.0,PH,FB : @dr.zalihasekijang  Twitter : @Zaliha_DrZ  IG : Dr.Zaliha Mustafa,Menteri di Jabatan Perdana Menteri (Wilayah Persekutuan)
YB Datuk Armizan bin Mohd Ali,,A-15,P175,Papar,Sabah,03-88825506,03-88825520,armizan@kpdn.gov.my,"Pejabat Menteri, Aras 13(Menara), Kementerian Perdagangan Dalam Negeri dan Kos Hidup(KPDN), No.13, Persiaran Perdana, Presint 2, 62623 PUTRAJAYA.",/images/webuser/ahli/2022/P175.png,15.0,GRS,FB : Armizan Mohd Ali  Twitter : ArmizanAmeer  IG : armizanameer,Menteri Perdagangan Dalam Negeri dan Kos Sara Hidup
YB Datuk Seri Johari bin Abdul Ghani,,B-9,P119,Titiwangsa,Kuala Lumpur,03-88803307,,johari@kpk.gov.my,"PEJABAT MENTERI PERLADANGAN DAN KOMODITI, KEMENTERIAN PERLADANGAN DAN KOMODITI, No. 15, Level 13 Persiaran Perdana, Presint 2 62654 Putrajaya, MALAYSIA",/images/webuser/ahli/2022/P119.png,15.0,BN,FB : https;//www.facebook.com/joharighaniofficial  Twitter : //twitter.com/joharighani  IG : //instagram.com/joharighaniofficial,Menteri Perladangan dan Komoditi
YB Tuan Gobind Singh Deo,,B-10,P106,Damansara,Selangor,03-88805043,-,menteri@digital.gov.my,"PEJABAT MENTERI, KEMENTERIAN DIGITAL,ARAS 15, BLOK MENARA, MENARA USAHAWAN, NO.18, PERSIARAN PERDANA, PRESINT 2, PUSAT PENTADBIRAN KERAJAAN PERSEKUTUAN, 62000, PUTRAJAYA",/images/webuser/ahli/2022/P106.png,15.0,PH,,Menteri Digital
YB Datuk Seri Haji Dr. Dzulkefly bin Ahmad,,A-17,P096,Kuala Selangor,Selangor,03-88832501,03-88886188,dzulkefly.ahmad@moh.gov.my,"Pejabat Menteri Kesihatan, Aras 13, Blok E7, Kompleks E, Pusat Pentadbiran Kerajaan Persekutuan 62590 Putrajaya.",/images/webuser/ahli/2022/P096.png,15.0,PH,,Menteri Kesihatan
YB Tuan Sim Chee Keong,,A-19,P045,Bukit Mertajam,Pulau Pinang,03-88865001,03-88892390,steven.sim@mohr.gov.my,"Pejabat Menteri,  Kementerian Sumber Manusia Aras 8, Blok D3, Kompleks D Pusat Pentadbiran Kerajaan Persekutuan 62530 PUTRAJAYA",/images/webuser/ahli/2022/P045.jpg,15.0,PH,FB : facebook.com/stevensimck  Twitter : @scheekeong  IG : @scheekeong,Menteri Sumber Manusia
YB Datuk Seri Haji Ahmad bin Haji Maslan,,A-20,P164,Pontian,Johor,03-26189331,,ahmadmaslan@kkr.gov.my,"Pejabat Timbalan Menteri Kerja Raya Tingkat 5, Blok A, Kompleks Kerja Raya Jalan Sultan Salahuddin 50580 Kuala Lumpur",/images/webuser/ahli/2022/P164.png,15.0,BN,,Timbalan Menteri Kerja Raya
YB Datuk Hajah Rubiah binti Wang,,B-15,P197,Kota Samarahan,Sarawak,082-661368,082-661801,parlimenp197@gmail.com,"Pejabat Timbalan Menteri, Kementerian Kemajuan Desa Dan Wilayah,No 47, Persiaran Perdana, Presint 4, Pusat Pentadbiran Kerajaan Persekutuan, 62100 Putrajaya, Malaysia",/images/webuser/ahli/2022/P197.jpg,15.0,GPS,,Timbalan Menteri Kemajuan Desa dan Wilayah
YB Datuk Haji Hasbi bin Haji Habibollah,,B-13,P221,Limbang,Sarawak,03-8892 1106,03-8888 0158,hasbi@mot.gov.my,"Pejabat Menteri, Kementerian Pengangkutan Malaysia, No. 26, Jalan Tun Hussein, Presint 4, 62100 W.P. Putrajaya",/images/webuser/ahli/2022/P221.jpg,15.0,GPS,,Timbalan Menteri Pengangkutan
YB Datuk Chan Foong Hin,,B-14,P172,Kota Kinabalu,Sabah,03-88803337,03-88808248,chanfoonghin@kpk.gov.my,"PEJABAT TIMBALAN MENTERI, KEMENTERIAN PERLADANGAN DAN KOMODITI No. 15, Level 5-13 Persiaran Perdana, Presint 2 62654 Putrajaya, MALAYSIA",/images/webuser/ahli/2022/P172.jpg,15.0,PH,FB : ChanFoongHin  Twitter : mpchanfoongchin  IG : mpchanfoonghin,Timbalan Menteri Perladangan dan Komoditi
YB Dato Hajjah Hanifah Hajar Taib,,B-16,P213,Mukah,Sarawak,084-871216,084-871179,hanifah.taib@epu.gov.my,"Pusat Khidmat Masyarakat P.213 Mukah, Tingkat 2, Lot 1082 & 1085, Taman Boulevard Setiaraja,96400 Mukah, Sarawak.",/images/webuser/ahli/2022/P213.jpg,15.0,GPS,FB : www.facebook.com/hanifahtaib  Twitter : www.twitter.com/hanifahtaib  IG : www.instagram.com/hanifahhajartaib,Timbalan Menteri Ekonomi
YB Tuan Haji Akmal Nasrullah bin Mohd Nasir,,A-21,P160,Johor Bahru,Johor,03-88861614,,akmalnasir@petra.gov.my,"KEMENTERIAN PERALIHAN TENAGA DAN TRANSFORMASI AIR ( PETRA) , PEJABAT TIMBALAN MENTERI, ARAS 16, WISMA SUMBER ASLI,  NO 25, PERSIARAN PERDANA, PRESINT 4, 62574, PUTRAJAYA",/images/webuser/ahli/2022/P160.jpg,15.0,PH,FB : www.facebook.com/akmalnasir.my  Twitter : twitter.com/akmalnasir  IG : instagram.com/akmalnasir.my,Timbalan Menteri Peralihan Tenaga dan Transformasi Air
YB Tuan Haji Adly bin Zahari,,A-22,P135,Alor Gajah,Melaka,03-4012 2000,03-2071 4961,adly.zahari@mod.gov.my,"Pejabat Timbalan Menteri Pertahanan, Kementerian Pertahanan Malaysia, Jalan Padang Tembak, 50634 Kuala Lumpur, Malaysia",/images/webuser/ahli/2022/P135.jpg,15.0,PH,FB : AdlyZahariOfficial  Twitter : @adlyzahari_n17  IG : adlyzahariofficial,Timbalan Menteri Pertahanan
YB Dato' Sri Abdul Rahman bin Haji Mohamad,,A-23,P079,Lipis,Pahang,03-8000 8000,03-8889 2394,abdulrahman@mohr.gov.my,"Pejabat Timbalan Menteri, Kementerian Sumber Manusia Aras 8, Blok D3, Kompleks D Pusat Pentadbiran Kerajaan Persekutuan 62530 PUTRAJAYA",/images/webuser/ahli/2022/P079.png,15.0,BN,,Timbalan Menteri Sumber Manusia
YB Datuk Seri Dr. Shamsul Anuar bin Haji Nasarah,,A-24,P055,Lenggong,Perak,03-8886 8625,03-88891613,shamsulanuar@moha.gov.my,"Pejabat Timbalan Menteri Dalam Negeri, Blok D1, D2 & D9, Kompleks D, Pusat Pentadbiran,Kerajaan Persekutuan, 62546 Putrajaya",/images/webuser/ahli/2022/P055.png,15.0,BN,,Timbalan Menteri Dalam Negeri
YB Tuan Liew Chin Tong,,A-25,P162,Iskandar Puteri,Johor,03-62000021,03-6026 4693,liewchintong@miti.gov.my,"Pejabat Timbalan Menteri, Kementerian Pelaburan, Perdagangan dan Industri Menara MITI, No.7, Jalan Sultan Haji Ahmad Shah, 50480 Kuala Lumpur, Malaysia.",/images/webuser/ahli/2022/P162.jpg,15.0,PH,FB : www.facebook.com/liewchintong.my  Twitter : www.twitter.com@LiewChinTong  IG : www.instagram.com/ chintong.liew,"Timbalan Menteri Pelaburan, Perdagangan dan Industri"
YB Dato' Mohammad Yusof bin Apdal,,B-17,P188,Lahad Datu,Sabah,03-8885 8001,03-8889 1818,yusof.apdal@mosti.gov.my,"Pejabat Timbalan Menteri, Kementerian Sains, Teknologi Dan Inovasi Aras 7, C5, Kompleks C, Pusat Pentadbiran Kerajaan Persekutuan, 62662 Putrajaya, MALAYSIA",/images/webuser/ahli/2022/P188.png,15.0,WARISAN,,"Timbalan Menteri Sains, Teknologi dan Inovasi"
YB Datuk Arthur Joseph Kurup,,B-18,P182,Pensiangan,Sabah,03-88701012,03-8888 8960,arthur@kpkm.gov.my,"Pejabat Timbalan Menteri, Kementerian Pertanian dan Keterjaminan Makanan Wisma Tani,No. 28, Persiaran Perdana, Presint 4, Pusat Pentadbiran Kerajaan Persekutuan, 62624 Putrajaya, Malaysia.",/images/webuser/ahli/2022/P182.png,15.0,BN,FB : ArthurJosephKurup  Twitter : ArthurJKurup  IG : ArthurJKurup,Timbalan Menteri Pertanian dan Keterjaminan Makanan
YB Datuk Hajah Raj Munni binti Sabu,,B-19,P113,Sepang,Selangor,03-8891 5027,03-8891 5559,aimanathirah@kpkt.gov.my,"Pejabat Timbalan Menteri, Kementerian Pembangunan Kerajaan Tempatan, Aras 17, No. 51, Persiaran Perdana, Presint 4, 62100 Putrajaya",/images/webuser/ahli/2022/YB Sepang.png,15.0,PH,FB : Aiman Athirah Sabu  Twitter : al_jundiathirah  IG : aimanathirah,Timbalan Menteri Perumahan Dan Kerajaan Tempatan
YB Dato' Sri Huang Tiong Sii,,B-21,P208,Sarikei,Sarawak,03-8091 7010,,huang@nres.gov.my,"Kementerian Sumber Asli dan Kelestarian Alam Aras 9, Blok F11, Kompleks F Lebuh Perdana Timur Pusat Pentadbiran Kerajaan Persekutuan 62000 Putrajaya.",/images/webuser/ahli/2022/P208.jpg,15.0,GPS,,Timbalan Menteri Sumber Asli dan Kelestarian Alam
YB Datuk Mohamad bin Alamin,,C-1,P176,Kimanis,Sabah,03-8887 4005,03-8889 2826,mohamadalamin@kln.gov.my,"Pejabat Timbalan Menteri, Kementerian Luar Negeri, Malaysia, Wisma Putra, No 1, Jalan Wisma Putra Presint 2, 62602 PUTRAJAYA",/images/webuser/ahli/2022/P176.png,15.0,BN,,Timbalan Menteri Luar Negeri
YB Tuan Khairul Firdaus bin Akbar Khan,,C-2,P185,Batu Sapi,Sabah,03-88917002,03-88917012,k.firdaus@motac.gov.my,"Pejabat Timbalan Menteri, Kementerian Pelancongan, Seni dan Budaya, Aras 17, No. 2, Menara 1, Jalan P5/6, Presint 5, 62200 PUTRAJAYA",/images/webuser/ahli/2022/P185.png,15.0,GRS,FB : khairul Firdaus,"Timbalan Menteri Pelancongan, Seni dan Budaya"
YB Puan Teo Nie Ching,,C-3,P163,Kulai,Johor,03-8911 5223,03-8911 5208,teonieching@komunikasi.gov.my,"Pejabat Timbalan Menteri, Kementerian Komunikasi, Aras 36, Lot 4G9, Persiaran Perdana, Presint 4 Pusat Pentadbiran Kerajaan Persekutuan, 62100, Putrajaya",/images/webuser/ahli/2022/P163.png,15.0,PH,FB : www.facebook.com/TeoNieChing  Twitter : @TeoNieChing  IG : @TeoNieChing,Timbalan Menteri Komunikasi
YB Puan Lim Hui Ying,,C-4,P049,Tanjong,Pulau Pinang,03-8882 8968,03-8882 3918,lim.huiying@mof.gov.my,"PEJABAT TIMBALAN MENTERI KEWANGAN Kementerian Kewangan, Aras 11, Blok Tengah, Kompleks Kementerian Kewangan, Presint 2, Pusat Pentadbiran Kerajaan Persekutuan, 62592 WP PUTRAJAYA.",/images/webuser/ahli/2022/P049.jpg,15.0,PH,FB : @DAPLimHui Ying  IG : @lhuiying.dap,Timbalan Menteri Kewangan
YB Tuan Adam Adli bin Abd Halim,,C-5,P137,Hang Tuah Jaya,Melaka,03-8000 8000,-,adamadli@kbs.gov.my,"Pejabat Timbalan Menteri Belia dan Sukan, Aras 16, Menara KBS, Kementerian Belia dan Sukan, No 27, Persiaran Perdana, Presint 4, 62570, Putrajaya, Malaysia",/images/webuser/ahli/2022/P137.jpg,15.0,PH,FB : facebook.com/adamadli2  Twitter : @AdamAdli  IG : @adamadli_,Timbalan Menteri Belia dan Sukan
YB Datuk Ts. Mustapha Sakmud,,C-6,P171,Sepanggar,Sabah,03-88705031,03-88706027,mustaphasakmud@mohe.gov.my,"Pejabat Timbalan Menteri, Kementerian Pendidikan Tinggi, Aras 17, No. 2, Menara 2, Jalan P5/6, Presint 5, 62200 W.P. Putrajaya",/images/webuser/ahli/2022/P171.jpg,15.0,PH,FB : Mustapha Sakmud  Twitter : mustaphasakmud  IG : mustaphasakmu,Timbalan Menteri Pendidikan Tinggi
YB Dato Lukanisman bin Awang Sauni,,C-7,P218,Sibuti,Sarawak,03-8883 2503,03-8888 6187,sibuti@gmail.com,"Pejabat Timbalan Menteri, Kementerian Kesihatan Malaysia, Kompleks E, Blok E1, E3, E6, E7 & E10, Pusat Pentadbiran Kerajaan Persekutuan, 62590, 62000 Putrajaya, Wilayah Persekutuan Putrajaya",/images/webuser/ahli/2022/P218.jpg,15.0,GPS,FB : Luka Nis Man  Twitter : @lukanisman,Timbalan Menteri Kesihatan
YB Datuk Ugak anak Kumbong,,C-8,P216,Hulu Rajang,Sarawak,03-88805097,03-88805031,wilson@digital.gov.my,"PEJABAT TIMBALAN MENTERI, KEMENTERIAN DIGITAL,ARAS 13, BLOK MENARA, MENARA USAHAWAN, NO.18, PERSIARAN PERDANA, PRESINT 2, PUSAT PENTADBIRAN KERAJAAN PERSEKUTUAN, 62000, PUTRAJAYA",/images/webuser/ahli/2022/P216.jpg,15.0,GPS,FB : //www.facebook.com/PKP.216HR,Timbalan Menteri Digital
YB Tuan M.Kulasegaran a/l V.Murugeson,,C-10,P065,Ipoh Barat,Perak,05-2421470/011-2379104,05-2421470,kulasegaran@jpm.gov.my,"PEJABAT TIMBALAN MENTERI BAHAGIAN HAL EHWAL UNDANG-UNDANG Aras 4-8, Bangunan Hal Ehwal Undang-Undang, Presint 3, Pusat Pentadbiran Kerajaan Persekutuan 62692 Putrajaya",/images/webuser/ahli/2022/P065.png,15.0,PH,FB : facebook.com/KulaSegaran065  Twitter : twitter.com/mkula  IG : instagram.com/ mkulasegaran,Timbalan Menteri di Jabatan Perdana Menteri (Undang-undang dan Reformasi Institusi)
YB Datuk Seri Dr. Noraini binti Ahmad,,C-9,P147,Parit Sulong,Johor,03-8323 1002,03-8323 2002,norainiahmad@kpwkm.gov.my,"Pejabat Timbalan Menteri, Kementerian Pembangunan Wanita, Keluarga dan Masyarakat (KPWKM), Aras 37, No. 55, Persiaran Perdana Presint 4, 62100 Putrajaya, MALAYSIA",/images/webuser/ahli/2022/P147.png,15.0,BN,,"Timbalan Menteri Pembangunan Wanita, Keluarga dan Masyarakat"
YB Dato' Sri Ramanan Ramakrishnan,,C-11,P107,Sungai Buloh,Selangor,03-8883 6001,03-88893130,ramanan@kuskop.gov.my,"Pejabat Timbalan Menteri, Kementerian Pembangunan Usahawan dan Koperasi, Aras 6, Blok E4/5, Kompleks E, Pusat Pentadbiran Kerajaan Persekutuan, 62668 Putrajaya, Malaysia.",/images/webuser/ahli/2022/P107.jpg,15.0,PH,FB : m.facebook.com/DatoRamanan  Twitter : @datoramanan  IG : ramanan_dr,Timbalan Menteri Pembangunan Usahawan dan Koperasi
YB Tuan Wong Kah Woh,,C-12,P060,Taiping,Perak,03-8884 6040,03-88894215,wongkahwoh@moe.gov.my,"Pejabat Timbalan Menteri Pendidikan, Aras 9 Blok E8, Kompleks E Pusat Pentadbiran Kerajaan Persekutuan, 62604 Wilayah Persekutuan Putrajaya",/images/webuser/ahli/2022/P060.jpg,15.0,PH,FB : facebook.com/wongkahwoh  Twitter : wongkahwoh  IG : kahwoh.wong,Timbalan Menteri Pendidikan
YB Dr. Mohammed Taufiq bin Johari,,C-52,P015,Sungai Petani,Kedah,04-4317366,04-4317351,mtaufiqjohari@gmail.com,"A23, Jalan Meranti 1, Taman Desa Meranti Indah, 08000 Sungai Petani, Kedah",/images/webuser/ahli/2022/P015.jpg,15.0,PH,FB : Taufiq johari  Twitter : @taufiqjohari  IG : @taufiqjohari,
YB Tuan Lim Guan Eng,,D-3,P043,Bagan,Pulau Pinang,04-3136525,04-3136526,bagan@dappg.org,"Pusat Khidmat Ahli Parlimen Bagan, 6779, Jalan Kampung Gajah, 12200 Butterworth, Pulau Pinang.",/images/webuser/ahli/2022/P043.jpg,15.0,PH,FB : //m.facebook.com/limguaneng.malaysia  Twitter : www.twitter.com/guanenglim  IG : //www.instagram.com/limguaneng,
YB Tuan Chow Kon Yeow,,D-11,P046,Batu Kawan,Pulau Pinang,04-2614424,04-2645854,chowkonyeow@penang.gov.my,"Seri Teratai,324, Jalan Macalister,10450 Pulau Pinang.",/images/webuser/ahli/2022/P046.png,15.0,PH,FB : chowkonyeow  Twitter : @chowkonyeow  IG : chow kon yeow,
YB Puan Syerleena binti Abdul Rashid,,C-39,P048,Bukit Bendera,Pulau Pinang,04-892 0048,-,48bukitbendera@gmail.com,"Pusat Khidmat Rakyat Parlimen Bukit Bendera, 7A, Medan Fettes, 11200 Tanjong Bungah, Pulau Pinang",/images/webuser/ahli/2022/P048.jpg,15.0,PH,FB : syerleena.abdrashid  Twitter : @syerleena  IG : syerleena.abdrashid,
YB Tuan Sanisvara Nethaji Rayer a/l Rajaji,,D-48,P050,Jelutong,Pulau Pinang,04-2828678 / 04-2829678,04-2827678,p50.jelutong@yahoo.com,"No.90E, Lorong Perak,11600 Jelutong, Pulau Pinang.",/images/webuser/ahli/2022/P050.jpg,15.0,PH,FB : //m.facebook.com/RayerForJelutong?mibextid=LQQJ4d)  IG : rsn_rayer,
YB Tuan Ramkarpal Singh a/l Karpal Singh,,D-14,P051,Bukit Gelugor,Pulau Pinang,-,-,,"No. 144A, Jalan Utama, 10450 Georgetown, Pulau Pinang",/images/webuser/ahli/2022/P051.png,15.0,PH,FB : //www.facebook.com/ramkarpal?mibextid=ZbWKwl  Twitter : //twitter.com/ramkarpal?t=on2oea4sngdkDGfiVRU4BA&s=09  IG : //instagram.com/ramkarpal_singh?igshid=YmMyMTA2M2Y=,
YB Tuan Sim Tze Tzin,,D-43,P052,Bayan Baru,Pulau Pinang,04-6553088,04-6553088,bayanbarump@gmail.com,"19, Jalan Sungai Dua, 11700 Gelugor, Pulau Pinang.",/images/webuser/ahli/2022/P052.jpg,15.0,PH,FB : facebook.com/simtzetzin.mp  Twitter : @ simtzetzin  IG : @ simtzetzin,
YB Dato' Muhammad Bakhtiar bin Wan Chik,,D-27,P053,Balik Pulau,Pulau Pinang,-,-,pusatkhidmatbp@gmail.com,"882-N, Taman Seri Sayang, Jalan Balik Pulau,11000 Balik Pulau, Pulau Pinang",/images/webuser/ahli/2022/P053.jpg,15.0,PH,,
YB Tuan Kesavan a/l Subramaniam,,D-46,P062,Sungai Siput,Perak,05-5980062,05-5981062,kesavan.sgsiput@gmail.com,"No.229-229-1, Persiaran Komersila 2/2, Komersial Waterfront, 31100 Sungai Siput(U), Perak",/images/webuser/ahli/2022/P062.jpg,15.0,PH,FB : Kesavan Subramaniam,
YB Tuan Lee Chuan How,,C-51,P064,Ipoh Timor,Perak,-,-,mpipohtimor@gmail.com,"Pejabat MP Ipoh Timor & Adun Pasir Pinji, 12, Jalan Prince, Pasir Pinji,31650 Ipoh, Perak",/images/webuser/ahli/2022/P064.jpg,15.0,PH,FB : //www.facebook.com/HowardLee.my  Twitter : //twitter.com/howardlee_my  IG : //www.instagram.com/howardlee.my/,
YB Tuan Sivakumar a/l Varatharaju Naidu,,D-15,P066,Batu Gajah,Perak,05-2882105,05-2882105,sivakumarmpbg@gmail.com,"No.42A, Laluan Saujana 1, Taman Saujana, 31000 Perak.",/images/webuser/ahli/2022/P066.png,15.0,PH,,
YB Dato' Ngeh Koo Ham,,D-34,P068,Beruas,Perak,05-6722855,05-6723855,ngehkooham@gmail.com,Pusat Khidmat Parlimen Beruas Lot 1935 Kampung Baru 32400 Ayer Tawar Perak,/images/webuser/ahli/2022/P068.jpg,15.0,PH,FB : //www.facebook.com/ybngehkooham  Twitter : //twitter.com/ngehkooham  IG : //www.instagram.com/ngehkooham/,
YB Tuan Chong Zhemin,,C-50,P070,Kampar,Perak,-,-,parlimenkampar@gmail.com,"Pusat Khidmat Rakyat Parlimen Kampar, No.1, Jalan Terminal Kampar 1/A, Pusat Perdagangan Kampar, 31900 Kampar, Perak.",/images/webuser/ahli/2022/P070.jpg,15.0,PH,FB : //www.facebook.com/chongzheminbm  Twitter : //www.twitter.com/chongzhemin  IG : //www.instagram.com/chongzhemin,
YB Tuan Tan Kar Hing,,C-28,P071,Gopeng,Perak,05 - 830 0388,-,parlimen.gopeng@gmail.com,"78, Lebuh Lapangan Siber 2, Bandar Cyber, 31350 Ipoh, Perak",/images/webuser/ahli/2022/P071.jpg,15.0,PH,,
YB Tuan Chow Yu Hui,,C-29,P080,Raub,Pahang,09-3501746,-,chowyuhui@gmail.com,"No.15, Taman Sempalit Aman, 27600 Raub, Pahang Darul Makmur",/images/webuser/ahli/2022/P080.jpg,15.0,PH,FB : facebook.com/chowyuhui2,
YB Puan Young Syefura binti Othman,,C-38,P089,Bentong,Pahang,017-9015500,-,pejabatahliparlimenbentong@gmail.com,"P7 & P7-1, Jalan BG 2, Pusat Perniagaan Bintang Gemilang, 28700 Bentong, Pahang Darul Makmur.",/images/webuser/ahli/2022/P089.jpg,15.0,PH,,
YB Tuan William Leong Jee Keen,,D-31,P097,Selayang,Selangor,03-61388088,03-61388088,pkmselayang@gmail.com,"No. 26, Jalan Selayang Segar 1, 68100 Batu Caves, Selangor (Bersebelahan Kedai Wee Ho Hardware)",/images/webuser/ahli/2022/P097.png,15.0,PH,,
YAB Dato' Seri Amirudin bin Shari,,D-16,P098,Gombak,Selangor,03-55447013,03-55190032,amirudinshari@selangor.gov.my,"Pejabat Dato' Menteri Besar Selangor, Tingkat 21, Bangunan SSAS, 40503 Shah Alam, Selangor",/images/webuser/ahli/2022/P098.png,15.0,PH,FB : Amirudin Shari  Twitter : @AmirudinShari  IG : amirudin_shari,
YB Puan Hajah Rodziah binti Ismail,,C-26,P099,Ampang,Selangor,03-42969137,-,rodziah.p99@gmail.com,"Pusat Khidmat Rakyat Parlimen Ampang, No 30, AWF 1, Ampang Waterfront, 68000 Ampang, Selangor",/images/webuser/ahli/2022/P099.jpg,15.0,PH,FB : //www.facebook.com/RodziahIsmailsPage?mibextid=LQQJ4d  Twitter : //twitter.com/rodziah ismail  IG : //www.instagram.com/rodziah ismail,
YB Tuan Mohd Sany bin Hamzan,,C-45,P101,Hulu Langat,Selangor,03-87245580,-,parlimen.hululangat@amanah.org.my,"No.13-1, Jalan TPS 1/3, Taman Pelangi Semenyih, 43500 Semenyih, Selangor Darul Ehsan.",/images/webuser/ahli/2022/P101.jpg,15.0,PH,FB : Sany Hamzan/Pusat Khidmat Rakyat Parlimen Hulu Langat  IG : Mohd Sany Hamzan,
YB Tuan Syahredzan bin Johan,,C-25,P102,Bangi,Selangor,03-87401108,-,syahredzan.team@gmail.com,"67A, Tingkat 1, Taman Sri Reko, Jalan Reko, 43000 Kajang, Selangor",/images/webuser/ahli/2022/P102.jpg,15.0,PH,FB : //www.facebook.com/syahredzanjohan  Twitter : //www.twitter.com/syahredzan  IG : //www.instagram.com/syahredzanjohan,
YB Puan Yeo Bee Yin,,D-25,P103,Puchong,Selangor,,-,pusatkhidmatpuchong@gmail.com,"Pusat Khidmat Rakyat Parlimen Puchong, 26-1, Jalan Equine 1G, Equine Commercial Park,43300 Seri Kembangan, Selangor.",/images/webuser/ahli/2022/P103.png,15.0,PH,FB : facebook.com/yeobeeyin  Twitter : twitter.com/yeobeeyin  IG : instagram.com/yeobeeyin,
YB Tuan Wong Chen,,D-29,P104,Subang,Selangor,03-8080 7918,-,mp@wongchen.com,"Pusat Khidmat Rakyat Parlimen Subang (YB Wong Chen) 2-12, Jalan Cenuk 1, Bandar Puchong Jaya, 47100 Puchong, Selangor",/images/webuser/ahli/2022/P104.jpg,15.0,PH,,
YB Tuan Lee Chean Chung,,C-23,P105,Petaling Jaya,Selangor,-,-,parlimen105@pjlestari.com,"No. 78-1, Jalan Othman 1/14, Seksyen 1, 46000 Petaling Jaya, Selangor",/images/webuser/ahli/2022/P105.jpg,15.0,PH,FB : leecheanchung  Twitter : @cheanchung  IG : cheanchung,
YB Tuan Haji Azli bin Yusof,,C-46,P108,Shah Alam,Selangor,603-55238787,603-55198177,azliyusof67@gmail.com,"No.1B, Level 2, Blok 1, Worldwide Business Centre, Jalan Tinju 13/50,Seksyen 13,40000 Shah Alam, Selangor",/images/webuser/ahli/2022/P108.jpg,15.0,PH,FB : //www.facebook.com/azliyusof67  Twitter : //twitter.com/azliby  IG : //www.instagram.com/azliyusof_s.alam,
YB Tuan Ganabatirau a/l Veraman,,C-24,P110,Klang,Selangor,03-3381 6073,-,parlimenklang@gmail.com,"12-1 Jalan Raya Barat 2/KS1 Pusat Perniagaan Barat 41100, Klang Selangor Darul Ehsan",/images/webuser/ahli/2022/P110.jpg,15.0,PH,FB : //www.facebook.com/Ganabatirau  Twitter : //twitter.com/ganabatirau1?t=P47C6LaX737FA7oVwrADGA&s=08  IG : https;//instagram.com/ganabatirauveraman?igshid=YmMyMTA2M2Y=,
YB Tuan Lim Lip Eng,,D-47,P114,Kepong,Kuala Lumpur,03-62428606,03-62423606,parlimenkepong@gmail.com,"G4 & 1-4, Vista Magna, Jalan Prima 1, Metro Prima, Jalan Kepong, 52100 Kuala Lumpur",/images/webuser/ahli/2022/P114.jpg,15.0,PH,,
YB Tuan Prabakaran a/l M Parameswaran,,D-56,P115,Batu,Kuala Lumpur,03-27127115,-,supejabat.parlimenbatu@gmail.com,"No.698, Unit 1-1-7, Kompleks Kantomen Prima, Jalan Sultan Azlan Shah,51200 Kuala Lumpur.",/images/webuser/ahli/2022/P115.png,15.0,PH,,
YB Tuan Ir. Ts. Zahir bin Hassan,,C-17,P116,Wangsa Maju,Kuala Lumpur,-,-,zahirhassan@gmail.com,"No.7, Jalan Mulia 2/3, Bukit Antarabangsa, 68000 Ampang, Selangor",/images/webuser/ahli/2022/P116.jpg,15.0,PH,,
YB Tuan Fong Kui Lun,,D-19,P120,Bukit Bintang,Kuala Lumpur,03-21412762,03-21449440,kuilin@yahoo.com,"Pusat Khidmat Rakyat Parlimen Bukit Bintang, 30, Jalan Landak, Off Jalan Pudu, 55100 KL",/images/webuser/ahli/2022/P120.png,15.0,PH,,
YB Puan Teresa Kok Suh Sim,,D-9,P122,Seputeh,Kuala Lumpur,03-79836768,03-79837576,ybteresakok1@gmail.com,"J-1-10, Pusat Perdagangan Kuchai, No. 2, Jalan 1/127, Off Jalan Kuchai Lama, 58200 Kuala Lumpur",/images/webuser/ahli/2022/P122.jpg,15.0,PH,,
YB Tuan Tan Kok Wai,,D-13,P123,Cheras,Kuala Lumpur,03-92857532,-,cherasdap@gmail.com,"1, Jalan SP 6/5, Taman Segar Perdana, Cheras, 43200 Selangor",/images/webuser/ahli/2022/P123.jpg,15.0,PH,,
YB Dato' Seri Dr. Wan Azizah binti Dr. Wan Ismail,,D-1,P124,Bandar Tun Razak,Kuala Lumpur,03-91724200,-,nonaziza@gmail.com,"PEJABAT AHLI PARLIMEN BANDAR TUN RAZAK 41-1, Jalan Dwitasik 1, Bandar Sri Permaisuri, 56000 Kuala Lumpur, Wilayah Persekutuan Kuala Lumpur",/images/webuser/ahli/2022/P124.png,15.0,PH,,
YB Tuan Cha Kee Chin,,D-55,P130,Rasah,Negeri Sembilan,06-6015557,06-6015357,pejabatmprasah@gmail.com,"Pusat Khidmat Rakyat Parlimen Rasah, No.531, Tingkat Bawah, Jalan Haruan 4/6, Pusat Komersial Oakland, 70300 Seremban, Negeri Sembilan",/images/webuser/ahli/2022/P130.jpg,15.0,PH,,
YAB Dato' Seri Aminuddin bin Harun,,D-12,P132,Port Dickson,Negeri Sembilan,06-7659930,06-7631394,aminuddinharunpd@gmail.com,"Pejabat Menteri Besar, Tingkat 5, Blok B, Wisma Negeri, 70503 Seremban.",/images/webuser/ahli/2022/PD.png,15.0,PH,FB : YAB Menteri Besar Negeri Sembilan  Twitter : MenteriBesarNS  IG : @dsaminuddinharun,
YB Tuan Khoo Poay Tiong,,D-51,P138,Kota Melaka,Melaka,-,-,ptkhoo70@gmail.com,"12, Jalan KLJ 8, Taman Kota Laksamana Jaya, 75200 Melaka",/images/webuser/ahli/2022/P138.jpg,15.0,PH,,
YB Tuan Yuneswaran a/l Ramaraj,,C-18,P140,Segamat,Johor,-,-,pusatkhidmatrakyat.segamat@gmail.com,"40, Jalan Bistari 1/1, Taman Yayasan, Buloh Kasap, 85010 Segamat, Johor",/images/webuser/ahli/2022/P140.jpg,15.0,PH,FB : www.facebook.com/R.Yuneswaran  Twitter : www.twitter/R_Yuneswaran  IG : www.instagram.com/r_yuneswaran/,
YB Tuan Pang Hok Liong,,D-52,P142,Labis,Johor,-,-,magnacartaphl@yahoo.com,"3, Jalan Putra 1/39, Bandar Putra, 85000 Segamat, Johor",/images/webuser/ahli/2022/P142.jpg,15.0,PH,,
YB Tuan Syed Ibrahim bin Syed Noh,,D-50,P144,Ledang,Johor,06-9791141,-,Khidmat4ledang@yahoo.com,"No.6A, Tingkat 1, Taman Emas, Jalan Sialang, 84900 Tangkak Johor.",/images/webuser/ahli/2022/P144.jpg,15.0,PH,FB : //www.facebook.com/syedibrahimsyednoh  Twitter : //twitter.com/_syedibrahim_  IG : //www.instagram.com/syedibrahim.sisna/?hl=en,
YB Tuan Tan Hong Pin,,C-30,P145,Bakri,Johor,06-9592116,06-9532693,tanhongpin.office@gmail.com,"No.20, Tingkat 2, Jalan Mega 1, Pusat Perdagangan Mega, Jalan Sakeh, 84000 Muar, Johor",/images/webuser/ahli/2022/P145.jpg,15.0,PH,FB : www.facebook.com/hongpintan  Twitter : @hongpin320  IG : @tanhongpin,
YB Tuan Haji Aminolhuda bin Hassan,,C-16,P149,Sri Gading,Johor,07-4315130,-,aminolhudahassan@gmail.com,"TL JPLD 21, Lot 4462, Kampung Parit Lintang, Parit Yaani, Yong Peng,83710 Batu Pahat, Johor.",/images/webuser/ahli/2022/P149.jpg,15.0,PH,FB : //www.facebook.com/aminolhuda  Twitter : //mobile.twitter.com/aminolhuda  IG : //www.instagram.com/aminolhuda,
YB Tuan Haji Onn bin Abu Bakar,,C-48,P150,Batu Pahat,Johor,-,-,onnab77@gmail.com,"Lot 374, Lorong A-8, Kampung Cheras Baru, 56100 Kuala Lumpur.",/images/webuser/ahli/2022/P150.jpg,15.0,PH,,
YB Puan Wong Shu Qi,,D-35,P152,Kluang,Johor,07-7711778,-,mp@wongshuqi.my,"15, Jalan Perniagaan Tasik 1, Pusat Perniagaan Tasik, 86000 Kluang, Johor",/images/webuser/ahli/2022/P152.jpg,15.0,PH,,
YB Tuan Jimmy Puah Wee Tse,,C-47,P158,Tebrau,Johor,-,-,tebrauparlimen@gmail.com,"Pusat Khidmat Rakyat Parlimen Tebrau,No.14, Jalan Gaya 2, Taman Gaya, 81100 Ulu Tiram, Johor",/images/webuser/ahli/2022/P158.jpg,15.0,PH,FB : //ms-my.facebook.com/JimmyPuahPublic/  Twitter : //twitter.com/jimmypuah,
YB Tuan Hassan bin Abdul Karim,,D-28,P159,Pasir Gudang,Johor,07-3823432,-,p195.parlimenpasirgudang@gmail.com,"PUSAT KHIDMAT RAKYAT PARLIMEN PASIR GUDANG, 11-02 BLOK A, JALAN KOTA 1, TAMAN CAHAYA KOTA PUTERI, 81750 MASAI, JOHOR",/images/webuser/ahli/2022/P159.jpg,15.0,PH,FB : //www.facebook.com/hassankarim2013,
YB Tuan Suhaizan bin Kaiat,,D-49,P161,Pulai,Johor,,,suhaizankayat@gmail.com,"39, Jalan PI 3/9, Taman Pulai Indah, 81110 Kangkar Pulai, Johor.",/images/webuser/ahli/2023/P161.jpg,15.0,PH,FB : suhaizan kayat  Twitter : suhaizan kayat  IG : suhaizan kayat,
YB Datuk Seri Panglima Madius bin Tangau,,D-24,P170,Tuaran,Sabah,-,088-239464,wtangau@yahoo.com,"Lot 9 & 10, Tingkat 2, & 3, New World Centre, Pekan Penampang, Peti Surat 420, 89507 Penampang, Sabah",/images/webuser/ahli/2022/P170.png,15.0,PH,,
YB Puan Vivian Wong Shir Yee,,D-36,P186,Sandakan,Sabah,089-218713,-,vivianwongshiryee@gmail.com,"Pusat Khidmat Rakyat Parlimen P186 Sandakan, B-7-2, Tingkat 2, Lorong Letat Jaya 1, Bandar Letat Jaya, 90000 Sandakan, Sabah.",/images/webuser/ahli/2022/P186.png,15.0,PH,,
YB Tuan Mordi anak Bimol,,D-42,P192,Mas Gading,Sarawak,082-764178,082-762178,mordibimol@gmail.com / pkmasgading@gmail.com,"Aras 1, Lot 732, Blok A, Pekan Bau, 94000 Kuching, Sarawak",/images/webuser/ahli/2022/P192.png,15.0,PH,,
YB Dr. Kelvin Yii Lee Wuen,,D-21,P195,Bandar Kuching,Sarawak,082-335531,-,kelvinyiidap@gmail.com,"97, Lorong Abang Abdul Rahim 5A,93450 Kuching",/images/webuser/ahli/2022/P195.png,15.0,PH,,
YB Tuan Chong Chieng Jen,,D-22,P196,Stampin,Sarawak,-,-,dapkuching@yahoo.com,"No. 11, Jalan Nyiur, DI Jalan Tabuan, 93200 Kuching, Sarawak.",/images/webuser/ahli/2022/P196.png,15.0,PH,,
YB Tuan Oscar Ling Chai Yew,,D-41,P212,Sibu,Sarawak,084-322001,084-339861,oscarling1977@gmail.com,"No.67, Tingkat 1, Rejang Park Commercial Centre, 96000 Sibu, Sarawak",/images/webuser/ahli/2022/P212.jpg,15.0,PH,,
YB Tuan Chiew Choon Man,,D-44,P219,Miri,Sarawak,-,-,pusatkhidmatmiri@gmail.com,"Pusat Khidmat Parlimen Miri, Lot 1286, First Floor, Jalan Baiduri 4, Pujut 4, 98000 Miri, Sarawak",/images/webuser/ahli/2022/P219.jpg,15.0,PH,FB : facebook.com/cmchiew.page/,
YB Datuk Seri Saravanan a/l Murugan,,D-8,P072,Tapah,Perak,03-40410145,03-40410135,sarannsaravanan@gmail.com,"No.39, Jalan Setiajaya, Bukit Damansara, 50490 Kuala Lumpur.",/images/webuser/ahli/2022/P072.png,15.0,BN,,
YB Dato' Indera Mohd Shahar bin Abdullah,,D-18,P084,Paya Besar,Pahang,-,-,shaharabdllh@gmail.com,"No.B78, Tingkat Bawah, Lorong Pandan Damai 1/17, Taman Pandan Damai,Jalan KTN-Bypass, 25150 Kuantan, Pahang",/images/webuser/ahli/2022/P084.png,15.0,BN,,
YB Dato' Sri Sh Mohmed Puzi bin Sh Ali,,C-15,P085,Pekan,Pahang,09-4221415,09-4221415,parlimenpekanP085@gmail.com,"Pusat Khidmat Ahli Parlimen Pekan, No. 1, Tingkat Atas, Lorong Peramu Aman 2, Peramu Aman, 26600 Pekan, Pahang Darul Makmur.",/images/webuser/ahli/2022/P085.png,15.0,BN,,
YB Dato' Sri Ismail Sabri bin Yaakob,,D-2,P090,Bera,Pahang,-,-,ismailsabri60@yahoo.com,"No.839, Lorong 17/22C, Seksyen 17, 46400 Petaling Jaya, Selangor.",/images/webuser/ahli/2022/YB Bera.jpg,15.0,BN,,
YB Datuk Seri Jalaluddin bin Alias,,D-20,P126,Jelebu,Negeri Sembilan,06-4920078,06-4920178,datukjaha@gmail.com,"KOMPLEKS UMNO BAHAGIAN JELEBU, 72300 SIMPANG PERTANG, NEGERI SEMBILAN DARUL KHUSUS",/images/webuser/ahli/2022/P126.jpg,15.0,BN,FB : //www.facebook.com/jalaluddinaliasofficial  Twitter : @jalaluddinalias  IG : @jalaluddin alias,
YB Dato' Haji Shamshulkahar bin Mohd Deli,,C-33,P127,Jempol,Negeri Sembilan,06-4581499,06-4581499,datoshamshul@gmail.com,"Pusat Khidmat Rakyat Parlimen Jempol, No. 201, Tingkat Bawah, Jalan Serting Utama 5/1,Pusat Perniagaan Bandar Seri Jempol,72120 Bandar Seri Jempol, Negeri Sembilan.",/images/webuser/ahli/2022/P127.jpg,15.0,BN,FB : Shamshulkahar Mohd Deli,
YB Dato' Adnan bin Abu Hassan,,C-32,P129,Kuala Pilah,Negeri Sembilan,-,-,ybnan7070@gmail.com,"No. 442, Jalan Margosa 15, Margosa Heights, Ampangan,70400 Seremban, Negeri Sembilan",/images/webuser/ahli/2022/P129.jpg,15.0,BN,,
YB Dato' Mohd Isam bin Mohd Isa,,C-31,P133,Tampin,Negeri Sembilan,06-4416672,06-4416607,parlimen133tampin@gmail.com,"Pejabat Ahli Parlimen Tampin, Tingkat 1 Bangunan UMNO, No 120, Jalan Besar Tampin, 73000 Tampin, Negeri Sembilan Darul Khusus",/images/webuser/ahli/2022/P133.jpg,15.0,BN,FB : MOHD ISAM,
YB Datuk Seri Ir. Dr. Wee Ka Siong,,D-5,P148,Ayer Hitam,Johor,07-4677111,07-4673555,weekasiong@yahoo.com,"54, JALAN TEMPLER, 83700, YONG PENG, JOHOR",/images/webuser/ahli/2022/P148.png,15.0,BN,,
YB Datuk Seri Utama Ir. Hasni bin Mohammad,,D-40,P151,Simpang Renggam,Johor,07-7559009,07-6907990,hasnimohammad35@gmail.com,"Pusat Khidmat Rakyat P151 Parlimen Simpang Renggam. No. 21, Jalan Seri Indah, Taman Seri Indah, 86200 Simpang Renggam Johor Darul Takzim",/images/webuser/ahli/2022/P151.png,15.0,BN,FB : //www.facebook.com/DatukHasniMohammad  Twitter : //twitter.com/hasni_johor  IG : //www.instagram.com/ir.hasnimohammad,
YB Dato' Seri Hishammuddin bin Datuk Hussein,,D-6,P153,Sembrong,Johor,-,-,dshh61@gmail.com,"Suite 5.03, Level 5, Menara Ampwalk North Block 218 Jalan Ampang, 50450 Kuala Lumpur",/images/webuser/ahli/2022/P153.png,15.0,BN,,
YB Tuan Haji Manndzri bin Haji Nasib,,C-27,P155,Tenggara,Johor,-,-,manndzri@yahoo.com / manndzri@tenggara.org.my,"No. A3 & A4, Pusat Khidmat Rakyat Parlimen Tenggara, D/A Pusat Perkhidmatan dan Transit Pelancongan Batu Ampat, 81900 Kota Tinggi, Johor Darul Ta'zim.",/images/webuser/ahli/2022/P155.jpg,15.0,BN,FB : //www.facebook.com/manndzri  Twitter : twitter.com/manndzri  IG : //www.instagram.com/manndzri/,
YB Dato' Sri Dr. Wee Jeck Seng,,D-30,P165,Tanjung Piai,Johor,07-6991025,07-6991025,pusatkhidmattp165.pns@gmail.com,"Lot 343, SH180, Jalan Besar, 81500 Pekan Nenas, Johor",/images/webuser/ahli/2022/P165.png,15.0,BN,FB : //www.facebook.com/dsweejeckseng  Twitter : //twitter.com/weejeckseng(@weejeckseng),
YB Datuk Ir. Shahelmey bin Yahya,,C-22,P173,Putatan,Sabah,088-223411200,-,shahelmey.73@gmail.com,"PUSAT KHIDMAT RAKYAT PARLIMEN P173 PUTATAN, Blok D, Lot D-18-1, 1st Floor, Royal Plaza Putatan, 88100, Putatan, Sabah",/images/webuser/ahli/2022/P173.jpg,15.0,BN,,
YB Datuk Hajah Siti Aminah binti Aching,,D-37,P177,Beaufort,Sabah,03-8880 3337,03-8000 3482,aminahaching@gmail.com,"D/A, Amri b Jupry, Jabatan Perkhidmatan Kebajikan Am Bahagian, Bangunan Tabung Haji, Tingkat 1, 2 & 4, Peti Surat 143, 89807, Beaufort, Sabah.",/images/webuser/ahli/2022/P177.jpg,15.0,BN,FB : //www.facebook.com/aminahaching  Twitter : //twitter.com/aminahaching,
YB Datuk Suhaimi bin Nasir,,C-34,P184,Libaran,Sabah,089-272766,089-272766,suhaimiehjnasir@gmail.com,"Pusat Khidmat Rakyat P184 Libaran, 1st Floor, Lot 16, MDLB 1645, Taman Hing Wah, Mile 8, Jalan Labuk, P.O.Box 786, 90000 Sandakan, Sabah",/images/webuser/ahli/2022/P184.png,15.0,BN,,
YB Datuk Seri Panglima Moktar bin Radin,,D-17,P187,Kinabatangan,Sabah,089-210494,-,pejabatparlimenp187@gmail.com,"C-2F-05, Bandar Leetat, Block C, Tingkat 2, Lot 5, Jalan Utara,90000 Sandakan, Sabah",/images/webuser/ahli/2022/P187.png,15.0,BN,FB : bungmoktar.radin  Twitter : @MyKinabatangan  IG : bungmoktar,
YB Datuk Andi Muhammad Suryady bin Bandy,,C-37,P191,Kalabakan,Sabah,-,-,andysuryady@gmail.com,"d/a Astana Hotel, TB 4713, Lot 2, Ground Floor, Jalan Dunlop, 91000, Tawau, Sabah.",/images/webuser/ahli/2022/P191.jpg,15.0,BN,FB : //www.facebook.com/amsuryady  Twitter : //twitter.com/andi_suryady  IG : //instagram.com/ani_suryady,
YB Datuk Willie anak Mongin,,D-33,P198,Puncak Borneo,Sarawak,082-619803,082-619083,puncakborneo198@gmail.com,"Pusat Khidmat Rakyat Puncak Borneo, No.8, Sinaruh Hill, Kampung Bratan, Batu 16, Jalan Puncak Borneo,93250 Kuching, Sarawak.",/images/webuser/ahli/2022/P198.jpg,15.0,GPS,FB : Willie Mongin-P.198 Puncak Borneo  Twitter : @williemongin  IG : willie_mongin,
YB Dato' Sri Dr. Richard Riot anak Jaem,,D-7,P199,Serian,Sarawak,082-873199,082-873199,pusatkhidmat.p199@gmail.com,"Pusat Khidmat Parlimen Serian, Tingkat 2, No 287, Lot 1182, Serian Bazaar, 94700 Serian, Sarawak P.O Box 102, 94707",/images/webuser/ahli/2022/P199.jpg,15.0,GPS,FB : Dato' Sri Richard Riot Jaem,
YB Puan Rodiyah binti Sapiee,,D-59,P200,Batang Sadong,Sarawak,-,-,parlimenbatangsadong@gmail.com,"No. 82, Lot 9291, Tabuan Park, 93350 Kuching, Sarawak.",/images/webuser/ahli/2022/P200.jpg,15.0,GPS,FB : //www.facebook.com/profile.php?id=100087549068243&mibextid=ZbWKwL,
YB Tuan Mohamad Shafizan Haji Kepli,,C-49,P201,Batang Lupar,Sarawak,-,-,18kemas@gmail.com,"PUSAT KHIDMAT MASYARAKAT PARLIMEN P.201 BATANG LUPAR, DATARAN TANDANG SARI, 94950, BETONG,SARAWAK",/images/webuser/ahli/2022/P201.jpg,15.0,GPS,FB : Mohamad Shafizan Haji Kepli/P.201 Batang Lupar,
YB Dato' Sri Doris Sophia anak Brodi,,D-10,P202,Sri Aman,Sarawak,-,-,dorisbrodie@gmail.com,"P202 SRI AMAN SERVICE CENTRE, SUBLOT UNIT 8, BLOCK 11, MTLD, JALAN BAYOR BUKIT, TABUAN JAYA, 93350, KUCHING, SARAWAK",/images/webuser/ahli/2022/P202 Doris.jpg,15.0,GPS,FB : //www.facebook.com/dorissophiabrodi,
YB Tuan Roy Angau anak Gingkoi,,D-54,P203,Lubok Antu,Sarawak,08-2366310,-,roygingkoi@gmail.com,"No.49, Lot 3338, Jalan Wan Alwi 1, Taman Linang Suboh, 93350 Kuching, Sarawak.",/images/webuser/ahli/2022/P203.jpg,15.0,GPS,,
YB Dr. Richard Rapu @ Aman anak Begri,,C-36,P204,Betong,Sarawak,-,-,richardrapu@gmail.com,"No. 140, Lorong 2A7, Tabuan Laru,93350 Kuching, Sarawak",/images/webuser/ahli/2022/P204.jpg,15.0,GPS,FB : Dr Richard Rapu  Twitter : @RapuRichard  IG : richardrapu,
YB Tuan Ir. Haji Yusuf bin Abd Wahab,,D-38,P206,Tanjong Manis,Sarawak,082-241686,082-251686,yusuf.abdwahab@gmail.com,"Lot 303, First Floor, Section 9, Lorong 7, Jalan Rubber, 93400 Kuching, Sarawak.",/images/webuser/ahli/2022/P206.jpg,15.0,GPS,,
YB Tuan Haji Ahmad Johnie bin Zawawi,,D-53,P207,Igan,Sarawak,082-421099,082-421399,ajzigan@yahoo.com,"Alunan Jujur Sdn Bhd., 2nd Floor, Lot 379,Lorong 6, Section 10, KTLD, Jalan Nanas,93400 Kuching, Sarawak",/images/webuser/ahli/2022/P207.jpg,15.0,GPS,FB : ahmadjohnie.zawawi.7  Twitter : @AhmadJohnieZ  IG : @ahmadjohniezawawi,
YB Tuan Edwin anak Banta,,C-35,P214,Selangau,Sarawak,-,-,edwinbanta@hotmail.com,"No.68, Lorong Song 6C, Jalan Song, 93350 Kuching, Sarawak",/images/webuser/ahli/2022/P214.jpg,15.0,GPS,,
YB Dato Anyi Ngau,,D-45,P220,Baram,Sarawak,-,085-650109,anyingau1000@yahoo.com,"Lot 7204, Ground Floor, Bandar Baru Permyjaya, 98000 Miri, Sarawak",/images/webuser/ahli/2022/P220.jpg,15.0,GPS,,
YB Dato Henry Sum Agong,,D-39,P222,Lawas,Sarawak,085-284748,085-262519,lawasparlimen@gmail.com,"Pejabat Ahli Parlimen P.222, Lawas,Lot 635, Tingkat 2, Jalan Hospital Lawas, P.O.Box 273, 98857 Lawas, Sarawak.",/images/webuser/ahli/2022/P222.jpg,15.0,GPS,FB : Dato Henry Sum Agong  IG : henrysumagongofficial,
YB Datuk Matbali bin Musah,,C-20,P178,Sipitang,Sabah,-,-,matbalihjmusah@gmail.com,"Pusat Khidmat Rakyat Parlimen P.178 Sipitang, Blok K,Lot 5,Tingkat 1 & 2,Bandar Mingo,89808 Beaufort, Sabah",/images/webuser/ahli/2022/P178.jpg,15.0,GRS,FB : //www.facebook.com/matbalibinmusah  IG : //instagram.com/matbalimusah,
YB Datuk Jonathan bin Yasin,,C-19,P179,Ranau,Sabah,-,-,jonathanyasin@yahoo.com,"Peti Surat 387, 89308 Ranau, Sabah",/images/webuser/ahli/2022/P179.png,15.0,GRS,,
YB Datuk Seri Panglima Dr. Jeffrey G. Kitingan,,D-32,P180,Keningau,Sabah,087-336167,087-336167,j.kitingan55@gmail.com,"Lot 19, Tingkat 1, Bandar Baru Keningau, 89007, Keningau, Sabah.",/images/webuser/ahli/2022/P180.png,15.0,GRS,FB : //www.facebook.com/jeffreykitingan  IG : //www.instagram.com/jeffreykitinganofficial,
YB Tuan Lo Su Fui,,C-44,P190,Tawau,Sabah,-,-,losufui@gmail.com,"TB.16298-16300, Tingkat Bawah, Bandar Perdana Jaya, Jalan Chong Thien Vun, Off Jalan Apas, 91000 Tawau, Sabah.",/images/webuser/ahli/2022/P190.jpg,15.0,GRS,,
YB Puan Isnaraissah Munirah bt Majilis@Fakharudy,,D-26,P169,Kota Belud,Sabah,088-973991,-,parlimen169@gmail.com,"Pusat Khidmat Rakyat Parlimen Kota Belud, Lot 19, Tingkat 1, Blok C, Kompleks Alapbana, 89158 Kota Belud, Sabah",/images/webuser/ahli/2022/P169.png,15.0,WARISAN,FB : Isnaraissah Munirah Majilis  Twitter : //twitter.com/munirahmajilis  IG : //www.instagram.com/munirahmajilis/,
YB Datuk Seri Panglima Haji Mohd Shafie bin Apdal,,D-4,P189,Semporna,Sabah,-,-,shafieapdal@yahoo.com,"Pejabat Parti Warisan, Lot. 8, Aras Satu BSA, Jalan Kolombong, 88450 Kota Kinabalu, Sabah",/images/webuser/ahli/2022/P189.png,15.0,WARISAN,FB : Shafie Apdal  Twitter : //twitter.com/mohdshafieapdal  IG : //www.instagram.com/shafieapdalofficial/,
YB Datuk Wetrom bin Bahanda,,D-60,P168,Kota Marudu,Sabah,088-661685,,wetrom70@yahoo.com,"Lot 578, H.No 5, Lorong Raja Udang 12, Taman Kingfisher 11, 88450 Kota Kinabalu, Sabah",/images/webuser/ahli/2022/P168.jpg,15.0,KDM,,
YB Datuk Larry Soon @ Larry Sng Wei Shien,,D-23,P209,Julau,Sarawak,084-734087,-,larrysng6688@yahoo.co.uk,"Lot 210, 2nd Floor 3, Julau Bazaar,96600 Julau, Sarawak",/images/webuser/ahli/2022/P209.jpg,15.0,PBM,,
YB Tuan Zahari bin Kechik,,E-51,P030,Jeli,Kelantan,09-9470136,-,pejahliparlimenjeli@gmail.com,"Pusat Khidmat Rakyat Ahli Parlimen Jeli, Lot 2510 Bangunan Putra Jeli, 17500 Bukit Nangka, Tanah Merah, Kelantan",/images/webuser/ahli/2022/P030.jpg,15.0,,FB : Zahari Pok Jeli  Twitter : Zahari Kechik  IG : zahari_kechik,
YB Tuan Mohd Azizi bin Abu Naim,,E-50,P032,Gua Musang,Kelantan,09-9123422,-,KBBersatu.gm@gmail.com,"Lot 12422, Tingkat 2, Bangunan Kedai Taman Kesedar Putra 2 Jalan Darussalam, 18300 Gua Musang, Kelantan",/images/webuser/ahli/2022/P032.jpg,15.0,,FB : Mohd Aziz Abu Naim  Twitter : azzienaim22  IG : @azizienaim,
YB Dato' Syed Abu Hussin bin Hafiz Syed Abdul Fasal,,E-48,P059,Bukit Gantang,Perak,05-8472525,-,sy_hussin@yahoo.com,"Pusat Khidmat P059 Ahli Parlimen Bukit Gantang,No.13, Jalan Simpang Jaya 2, Taman Simpang Jaya, 34700 Simpang, Perak.",/images/webuser/ahli/2022/P059.jpg,15.0,,,
YB Datuk Iskandar Dzulkarnain bin Abdul Khalid,,E-47,P067,Kuala Kangsar,Perak,-,03-74935912,iskandar47@gmail.com,"Suite 8,15.1, Menara One Mont Kiara, No. 1, Jalan Kiara,50480 Kuala Lumpur.",/images/webuser/ahli/2022/P067.jpg,15.0,,FB : @KandoForKuale  IG : @iskandardzulkarnain76,
YB Dato' Dr. Zulkafperi bin Hanapi,,E-49,P095,Tanjong Karang,Selangor,03-77271977,03-77273277,drzulkafperi@gmail.com,"B-3-21, Pelangi Square Damansara, PJU 6, Persiaran Surian, 47800, Petaling Jaya, Selangor",/images/webuser/ahli/2022/P095.jpg,15.0,,FB : /DATODRZULKAFPERI  IG : /KAPTDATODRZUL HANAPI,
YB Dato' Indera Dr. Suhaili bin Abdul Rahman,,E-52,P166,Labuan,Labuan,087-586688,087-586688,adr.p166.labuan@gmail.com,"Pejabat Pusat Khidmat Masyarakat, Ahli Parlimen P.166-Labuan, U0372, Tingkat 2, Jln Bunga Anggerik, 87000 WP. Labuan",/images/webuser/ahli/2022/P166.jpg,15.0,,FB : //www.facebook.com/suhaili.abdulrahman.1),
YB Tuan Rushdan bin Rusmi,,E-22,P001,Padang Besar,Perlis,019-5119002,-,padangbesar@rushdan.my,"Pusat Khidmat Ahli Parlimen Padang Besar,Batu 5 1/4, Jalan Kaki Bukit,02400 Beseri, Perlis.",/images/webuser/ahli/2022/P001.jpg,15.0,PN,FB : //www.facebook.com/rushdanrusmipage,
YB Tuan Zakri bin Hassan,,E-21,P002,Kangar,Perlis,04-9779392,04- 9777392,p002parlimen.kangar@gmail.com,"No. 3 & 4, Peti Surat 785, Batu 1 1/4, Jalan Raja Syed Saffi, 01000 Kangar, Perlis.",/images/webuser/ahli/2022/P002.jpg,15.0,PN,FB : //www.facebook.com/profile.pnp?id=100087388098227,
YB Dato' Seri Dr. Shahidan bin Kassim,,E-1,P003,Arau,Perlis,04-9860173,-,dsskoffice@gmail.com,"No.9, Jalan TBA 6, Taman Bersatu Arau, 02600 Arau, Perlis.",/images/webuser/ahli/2022/P003.jpg,15.0,PN,FB : Shahidan Kassim,
YB Dato' Haji Mohd Suhaimi bin Haji Abdullah,,E-6,P004,Langkawi,Kedah,03-23000163,03-23000291,suhaimi.langkawi15@gmail.com,"4-6, Jalan 28/70A, Desa Sri Hartamas, 50480 Kuala Lumpur.",/images/webuser/ahli/2022/P004.jpg,15.0,PN,FB : Suhaimi Abdullah DATO MOHD SUHAIMI ABDULLAH  Twitter : mohdsuhaimi77  IG : mohd.suhaimi.abdullah,
YB Dr. Haji Abd Ghani bin Ahmad,,E-19,P005,Jerlun,Kedah,,-,drghani5500@gmail.com,"46-A, Kampong Kelompang, KM13, Jalan Putera, Alor Janggus, 06250 Alor Setar, Kedah.",/images/webuser/ahli/2022/P005.jpg,15.0,PN,FB : Abd Ghani Ahmad dan DR ABD GHANI AHMAD,
YB Dato' Wira Dr. Ku Abd Rahman bin Ku Ismail,,G-19,P006,Kubang Pasu,Kedah,,-,kurahman.exco@gmail.com,"22, Lorong Suasana Permai 6, Suasana Permai, 06000 Bandar Darulaman, Jitra Kedah Darul Aman",/images/webuser/ahli/2022/P006.jpg,15.0,PN,FB : PakKuRahman,
YB Tuan Nurul Amin bin Hamid,,F-19,P007,Padang Terap,Kedah,04-7862243,-,padangterap07@gmail.com,"Pusat Khidmat Wakil Rakyat Padang Terap, No. KBA 13, Kg. Barokhas,06300 Kuala Nerang, Kedah",/images/webuser/ahli/2022/P007.jpg,15.0,PN,FB : //www.facebook.com./nurul.amin.52012  Twitter : @nurulaminhamid  IG : nurulaminhamid,
YB Dato' Haji Ahmad bin Saad @ Yahaya,,F-5,P008,Pokok Sena,Kedah,,-,ahmad6737@gmail.com,"No.36, Madrasah A-Taklimiah, Kg. Tok Keling, Mukim Derga,05400 Alor Setar, Kedah.",/images/webuser/ahli/2022/P008.jpg,15.0,PN,,
YB Tuan Afnan Hamimi bin Dato' Haji Taib Azamudden,,E-3,P009,Alor Setar,Kedah,,-,afnanhamimialorsetar@gmail.com,"Pusat Khidmat Ahli Parlimen Alor Setar, Pejabat PAS Kawasan Alor Setar, KM 12.5, Jalan Dato' Kumbar, 06500, Alor Setar, Kedah Darul Aman.",/images/webuser/ahli/2022/P009.jpg,15.0,PN,FB : //www.facebook.com/afnanhamimitaibazamudden  Twitter : @afnanhamimitaib  IG : afnanhamimi,
YB Dr. Ahmad Fakhruddin bin Fakhrurazi,,F-17,P010,Kuala Kedah,Kedah,,-,pkmpkualakedah@gmail.com,"D/A Pejabat PAS Kawasan Kuala Kedah, Kg. Kuala Sungai, Kubang Rotan,06250 Alor Setar, Kedah",/images/webuser/ahli/2022/P010.jpg,15.0,PN,,
YB Datuk Haji Awang bin Hashim,,G-12,P011,Pendang,Kedah,013-5338100,-,pkwrpendang@yahoo.com,"PKWR Parlimen Pendang, KM4, Jalan Sungai Tiang, Kampung Gajah Mati, 06700 Pendang, Kedah Darul Aman.",/images/webuser/ahli/2022/P011.jpg,15.0,PN,FB : //www.facebook.com/YBAwangHashim?mibextid=ZbWKwL  Twitter : //twitter.com/AwangHashim2?t=ESiAzm7YWJXn4IVTEjtu4A&s=09  IG : //instagram.com/h.awanghashim?igshid=NDk5N2NIZjQ=,
YB Tuan Sabri bin Azit,,E-7,P012,Jerai,Kedah,04-7416959,04-7414939,ustazsabriazit@gmail.com,"814B, Jalan Masjid Kg. Sg. Lentang, Mukim Dulang,06900 Yan, Kedah.",/images/webuser/ahli/2022/P012.jpg,15.0,PN,,
YB Tuan Ahmad Tarmizi bin Sulaiman,,G-16,P013,Sik,Kedah,04-4695356,-,Pkmparlimensik@gmail.com,"Pusat Khidmat Rakyat Ahli Parlimen Sik, Kampung Sungai Pau,08200 Sik, Kedah.",/images/webuser/ahli/2022/P013.jpg,15.0,PN,FB : //www.facebook.com/AhliParlimenSik,
YB Tuan Mohd Nazri bin Abu Hassan,,G-18,P014,Merbok,Kedah,,-,nzabuhassan.merbok@gmail.com,"PUSAT KHIDMAT PARLIMEN MERBOK, No.125, Tingkat 1, Jalan Melati 1/3B, Bandar Amanjaya, 08000 Sungai Petani, Kedah.",/images/webuser/ahli/2022/P014.jpg,15.0,PN,FB : Mohd Nazri Abu Hassan  IG : mohdnazri4merbok,
YB Tuan Hassan bin Saad,,G-25,P016,Baling,Kedah,,-,hassansaad570317@gmail.com,"Pejabat PAS Kawasan Baling, Kompleks PAS Baling, Lot 10754 Kupang, 09200 Baling, Kedah",/images/webuser/ahli/2022/P016.jpg,15.0,PN,,
YB Dato' Azman bin Nasrudin,,G-21,P017,Padang Serai,Kedah,04-4843414,-,azman.excokedah@gmail.com,"Pejabat Parlimen Padang Serai, Plot 28, No71A , Jalan Lagenda 2/1, Taman Lagenda 09400 Padang Serai, Kedah Darul Aman.",/images/webuser/ahli/2022/P017.jpg,15.0,PN,FB : //www.facebook.com/PN.Padang.Serai ii) https  IG : //www.instagram.com/cikguazman,
YB Tuan Roslan bin Hashim,,F-20,P018,Kulim Bandar Baharu,Kedah,-,-,parlimenkbb22@gmail.com,"Lot A, Kedai 2 1/2 Tingkat, Pekan Serdang, 09800 Serdang, Kedah Darul Aman",/images/webuser/ahli/2022/P018.jpg,15.0,PN,FB : Roslan Bin Hj Hashim,
YB Dato' Hajjah Mumtaz binti Md Nawi,,F-12,P019,Tumpat,Kelantan,-,-,pkptumpatp019@gmail.com,"Pusat Khidmat Parlimen Tumpat, Lot 26, Jalan Setia Utama, Bandar Bentara, 16200 Tumpat, Kelantan",/images/webuser/ahli/2022/P019.jpg,15.0,PN,FB : Mumtaz Md Nawi  Twitter : //bitly.ws/xrEa  IG : mumtazmdnawi P019 Tumpat,
YB Datuk Dr. Ahmad Marzuk bin Shaary,,F-7,P020,Pengkalan Chepa,Kelantan,09-7831000,09-7831000,marzuk313@gmail.com,"Pusat Khidmat Ahli Parlimen Pengkalan Chepa, Kompleks Purnama, Jalan Pengkalan Chepa,16100 Kelantan.",/images/webuser/ahli/2022/P020.png,15.0,PN,,
YB Datuk Seri Takiyuddin bin Hassan,,G-6,P021,Kota Bharu,Kelantan,09-7473688,09-7473688,adrp021kotabharu@gmail.com,"PUSAT KHIDMAT AHLI PARLIMEN KOTA BHARU, F8, LOT 473, SEKSYEN 14, 15200 KOTA BHARU, KELANTAN.",/images/webuser/ahli/2022/P021.png,15.0,PN,FB : Takiyuddin Haji Hassan  Twitter : takiyuddin61  IG : takiyuddin.hassan,
YB Tuan Haji Ahmad Fadhli bin Shaari,,G-17,P022,Pasir Mas,Kelantan,-,-,ahmadfadhlishaari80@gmail.com,"Lot 2848, Kg. Bechah Hilir, Tendong,17030 Pasir Mas, Kelantan",/images/webuser/ahli/2022/P022.jpg,15.0,PN,,
YB Dato' Siti Zailah binti Mohd Yusoff,,F-8,P023,Rantau Panjang,Kelantan,-,-,pusatkhidmatrp@gmail.com,"Pusat Khidmat Ahli Parlimen Rantau Panjang, KM-12, Lebuhraya Rantau Panjang-Pasir Mas, 17000 Pasir Mas, Kelantan Darul Naim",/images/webuser/ahli/2022/P023.jpg,15.0,PN,FB : //www.facebook.com/SitiZailahYusoff  Twitter : YB Zailah Official( Youtube Link)  IG : @sitizailahmohdyusoff,
YB Dato' Sri Tuan Ibharim bin Tuan Man,,G-4,P024,Kubang Kerian,Kelantan,09-7645481,09-7645481,tuanibrahimtuanman@gmail.com,"Pusat Khidmat Rakyat Ahli Parlimen Kubang Kerian, Lot 8018, Tingkat 1, Bandar Satelit Pasir Tumboh,16150 Kota Bharu, Kelantan.",/images/webuser/ahli/2022/P024.png,15.0,PN,FB : //www.facebook.com/ustaztitm  Twitter : //twitter.com/titm_official  IG : //instagram.com/titm_official,
YB Tuan Haji Mohd Syahir bin Che Sulaiman,,G-8,P025,Bachok,Kelantan,-,-,mpbachok@gmail.com,"Pusat Khidmat Ahli Parlimen Bachok, Kompleks Pendidikan Islam, Lot 3366, Batu 19, Jalan Tok Ayah Zin, Kg. Badak, 16300 Bachok, Kelantan.",/images/webuser/ahli/2022/P025.jpg,15.0,PN,FB : //www.facebook.com/syahirsulaiman.ss  Twitter : //twitter.com/syahirnomic  IG : //instagram.com/syahirnomic,
YB Dato' Khlir bin Mohd Nor,,F-10,P026,Ketereh,Kelantan,-,-,mjkhlir1038@gmail.com,"PT 789, Kg. Kubang Kiat, Ketereh,16450 Kota Bharu, Kelantan.",/images/webuser/ahli/2022/P026.jpg,15.0,PN,,
YB Dato' Sri Ikmal Hisham bin Abdul Aziz,,G-11,P027,Tanah Merah,Kelantan,03-42565344,-,ik.nobletwin@yahoo.com.my,"No.15-1, Jalan AU 1A/4B, Taman Keramat Permai, 54200 Kuala Lumpur.",/images/webuser/ahli/2022/P027.png,15.0,PN,,
YB Datuk Dr. Nik Muhammad Zawawi bin Salleh,,G-13,P028,Pasir Puteh,Kelantan,09-7855333,09-7855334,pasirputeh@pas.org.my,"Bangunan PAS Pasir Puteh Lot 331-332, Seksyen 1, Jalan Nara, 16800 Pasir Puteh, Kelantan",/images/webuser/ahli/2022/P028.jpg,15.0,PN,,
YB Tuan Wan Ahmad Fayhsal bin Wan Ahmad Kamal,,E-2,P029,Machang,Kelantan,-,-,parlimen@wanfayhsal.my,"Wisma PAS Machang,Jalan Pejabat, Taman Kemahkotaan,18500 Machang, Kelantan Darul Naim.",/images/webuser/ahli/2022/P029.jpg,15.0,PN,FB : Wan Ahmad Fayhsal  IG : @wanfayhsal,
YB Tuan Haji Abdul Latiff bin Abdul Rahman,,G-15,P031,Kuala Krai,Kelantan,09-9669696,,mpkualakrai@gmail.com,"Khidmat Komuniti Ustaz Abdul Latiff, Ahli Parlimen Kuala Krai, Jalan Besar Kuala Krai, Guchil 1, 18020 Kuala Krai, Kelantan",/images/webuser/ahli/2022/P031.jpg,15.0,PN,FB : Abdul Latiff Abdul Rahman  Twitter : abdullatiffpas  IG : Abdul Latiff Abdul Rahman,
YB Datuk Che Mohamad Zulkifly bin Jusoh,,F-11,P033,Besut,Terengganu,09-6943563,-,pkmp033@gmail.com,"LOT 60117, BELAKANG MASJID KG. LAK LOK, 22000, JERTEH, TERENGGANU",/images/webuser/ahli/2022/P033.jpg,15.0,PN,,
YB Tuan Shaharizukirnain bin Abd Kadir,,E-10,P034,Setiu,Terengganu,-,-,umminabihah69@gmail.com,"Lot 21335, Kg. Alur Jambu,21335, Batu Rakit,21020 Kuala Nerus, Terengganu",/images/webuser/ahli/2022/P034.jpg,15.0,PN,FB : //www.facebook.com/ustazshaharizukirnain/,
YB Dato' Dr. Hj. Alias bin Razak,,F-16,P035,Kuala Nerus,Terengganu,09-6227335,09-6227512,azmidr59@gmail.com,"MPKT 2114, Kg. Bukit Tok Ris, 21200 Kuala Terengganu, Terengganu Darul Iman.",/images/webuser/ahli/2022/P035.jpg,15.0,PN,,
YB Datuk Ahmad Amzad bin Mohamed @ Hashim,,G-14,P036,Kuala Terengganu,Terengganu,09-6284266,-,pejabatparlimenkt@gmail.com,"PT 1886 Tingkat Bawah, Rumah Kedai 2 Tingkat, Kubang Parit, 20050 Kuala Terengganu",/images/webuser/ahli/2022/P036.jpg,15.0,PN,FB : //www.facebook.com/HajiAmzadkualaTerengganu  Twitter : @hajiamzad  IG : datuk.amzad,
YB Tan Sri Dato' Seri Haji Abdul Hadi bin Awang,,G-3,P037,Marang,Terengganu,03-26925000,03-26938399,tansriabdulhadiawang@gmail.com,"Pejabat Agung PAS Pusat, No. 318-A, Jalan Raja Laut, 50350 Kuala Lumpur.",/images/webuser/ahli/2022/P037.png,15.0,PN,FB : //www.facebook.com/abdulhadiawang  Twitter : //twitter.com/abdulhadiawang  IG : //www.instagram.com/abdulhadi_awang/,
YB Dato' Rosol bin Wahid,,G-9,P038,Hulu Terengganu,Terengganu,09-6826877,-,d.rosolwahid@gmail.com,"PT 12467, Paya Dadeh, Kg. Bukit Tok Bat, 21700 Kuala Berang, Terengganu",/images/webuser/ahli/2022/P038.png,15.0,PN,FB : fb.me/RosolWahid  Twitter : rosolwahid11/twitter.com  IG : rosol_wahid?utm_medium=copy_link,
YB Tuan Haji Wan Hassan bin Mohd Ramli,,E-5,P039,Dungun,Terengganu,09-8445677 / 09-8485001,-,Mpdgn039@gmail.com,"Pejabat PKM Parlimen Dungun, Lot 3671, Tingkat 1, Kampung Pak Sabah, 23000 Dungun, Terengganu",/images/webuser/ahli/2022/P039.jpg,15.0,PN,FB : //www.facebook.com/WanHassanMohdRamli  Twitter : //www.twitter.com/ustazwanhassan  IG : //instagram.com/ustazwanhassanofficial,
YAB Dato' Seri Ir. Dr. Ahmad Samsuri bin Mokhtar,,F-3,P040,Kemaman,Terengganu,09-6231957,09-6233612,drsam.mp@gmail.com,"Pejabat Menteri Besar Terengganu, Tingkat 16, Wisma Darul Iman, 20502, Kuala Terengganu, Terengganu",/images/webuser/ahli/2023/YB Samsuri.png,15.0,PN,FB : //www.facebook.com/DrAhmadSamsuri  Twitter : //twitter.com/DrAhmadSamsuri  IG : //www.instagram.com/drahmadsamsuri,
YB Dr. Siti Mastura binti Muhammad,,E-17,P041,Kepala Batas,Pulau Pinang,011-53405188,-,drmaskepalabatas@gmail.com,"No 23 , Tingkat 1 , Seksyen 4/3 , Bandar Putra Bertam 13200 Kepala Batas , Pulau Pinang.",/images/webuser/ahli/2022/P041.jpg,15.0,PN,FB : Dr Ustazah Mastura  Twitter : Siti Mastura Muhammad  IG : drustazahmastura,
YB Datuk Wan Saifulruddin bin Wan Jan,,F-9,P042,Tasek Gelugor,Pulau Pinang,04-5711252,04-5711252,wansaiful@gmail.com,"Pusat Khidmat Ahli Parlimen Tasek Gelugor, 46-2, Jalan Sena Jaya, Taman Sena Jaya,13200 Pulau Pinang.",/images/webuser/ahli/2022/P042.jpg,15.0,PN,FB : www.facebook.com/wansaifulwj  Twitter : @wansaiful,
YB Tuan Haji Muhammad Fawwaz bin Mohamad Jan,,G-20,P044,Permatang Pauh,Pulau Pinang,-,-,pkwrpermatangpauh@gmail.com,"1270, Mukim 5, Kubang Semang, 14400 Bukit Mertajam Pulau Pinang",/images/webuser/ahli/2022/P044.jpg,15.0,PN,,
YB Tuan Fathul Huzir bin Ayob,,F-18,P054,Gerik,Perak,-,-,Fathulhuzir.ayob@gmail.com,"No.39A, Jalan Tekoma 1, Pusat Perniagaan Batu Dua, 33300 Gerik, Perak",/images/webuser/ahli/2022/P054.jpg,15.0,PN,FB : Fathul Huzir Ayob  Twitter : @Huzir17  IG : uzeymourinho,
YB Dato' Seri Hamzah bin Zainudin,,G-1,P056,Larut,Perak,03-64119277,-,ahliparlimenlarut@gmail.com,"No. 15, Jalan Langgak Tunku, Taman Tunku, 50480 Kuala Lumpur",/images/webuser/ahli/2022/P056.png,15.0,PN,,
YB Tuan Haji Mohd Misbahul Munir bin Masduki,,F-13,P057,Parit Buntar,Perak,-,-,mpparitbuntar@gmail.com,"Pusat Khidmat Masyarakat Parlimen Parit Buntar, 10, Jalan Wawasan 4, Taman Wawasan Jaya, 34200 Parit Buntar, Perak",/images/webuser/ahli/2022/P057.jpg,15.0,PN,FB : Misbah Munir,
YB Datuk Idris bin Ahmad,,F-1,P058,Bagan Serai,Perak,05-7214586,-,idrissahmad@gmail.com,"No.102(Tingkat Atas) Bangunan PKNP, Jalan Besar,34300 Bagan Serai, Perak.",/images/webuser/ahli/2022/P058.jpg,15.0,PN,FB : //www.facebook.com/ustazidrisahmad  Twitter : //twitter.com/ustaz_idris  IG : //instagram.com/ustaz.idrisahmad,
YB Kapten Azahari bin Hasan,,E-18,P061,Padang Rengas,Perak,-,-,parlimenp061@gmail.com,"No.6, Persiaran Rengas Jaya, Taman Rengas Jaya, 33700 Padang Rengas, Perak.",/images/webuser/ahli/2022/P061.jpg,15.0,PN,FB : Kapten Azahari  IG : captaza1010,
YB Tuan Haji Muhammad Ismi bin Mat Taib,,E-29,P069,Parit,Perak,-,-,ustazismiP069@gmail.com,"D/A, Darul Murtabak Travel dan Tours, No.17, Persiaran Side 2, 32610 Bandar Seri Iskandar, Perak",/images/webuser/ahli/2022/P069.jpg,15.0,PN,FB : ustaz ismi  Twitter : ustaz ismi  IG : ustaz ismi,
YB Tuan Haji Jamaludin bin Yahya,,E-32,P073,Pasir Salak,Perak,-,-,jamaludinjalud@gmail.com,"No.69, Lorong Murni 4, Taman Murni, 36800 Kampung Gajah, Perak",/images/webuser/ahli/2022/P073.jpg,15.0,PN,,
YB Komander Nordin bin Ahmad Ismail TLDM(Bersara),,E-28,P074,Lumut,Perak,-,-,ltkdr.nordin@gmail.com,"NO 44, TAMAN INDAH RAYA 2, 32200 LUMUT, PERAK",/images/webuser/ahli/2022/P074.jpeg,15.0,PN,FB : www.facebook.com/BERSATU. BAHAGIAN LUMUT.  IG : @ahmadismailnordin,
YB Ir. Ts. Hj. Khairil Nizam bin Khirudin,,G-23,P081,Jerantut,Pahang,014-5492558,-,IrKhairilP.081Jerantut@gmail.com,"PUSAT KHIDMAT MASYARAKAT PARLIMEN JERANTUT, NO.21, LORONG TEMIN UTAMA 1, TAMAN TEMIN UTAMA, 27000 JERANTUT, PAHANG.",/images/webuser/ahli/2022/P081.jpg,15.0,PN,,
YB Dato' Sri Saifuddin bin Abdullah,,F-4,P082,Indera Mahkota,Pahang,-,-,saifuddin61@yahoo.com,"21, Jalan Pinggiran Putra 2/1A, Desa Pinggiran Putra, 43000 Kajang, Selangor",/images/webuser/ahli/2022/P082.png,15.0,PN,,
YB Tuan Wan Razali bin Wan Nor,,E-31,P083,Kuantan,Pahang,09-5341534,09-5341535,wrazali.nor@gmail.com,"B1308, Tingkat 1, Jalan Tanjung Lumpur, 26060 Kuantan, Pahang",/images/webuser/ahli/2022/P083.jpg,15.0,PN,FB : //www.facebook.com/WRWNor  Twitter : //twitter.com/WanRazali81  IG : //instagram.com/wrazali_8183,
YB Dato' Sri Dr. Haji Ismail bin Abd. Muttalib,,E-4,P086,Maran,Pahang,09-4771219,09-4774831,ppapmaran086@gmail.com,"Pusat Perkhidmatan Ahli Parlimen Maran, No. 88, Bangunan LKNP, Jalan Masjid, 26500 Maran, Pahang.",/images/webuser/ahli/2022/P086.jpg,15.0,PN,FB : Ismail Abd Muttalib  Twitter : DSIsmail AbdMuttalib  IG : ismailabdmuttalib,
YB Tuan Kamal bin Ashaari,,E-11,P087,Kuala Krau,Pahang,-,-,ustazkamal1970@gmail.com,"No.27, Tingkat Atas, Lorong Baiduri 1, 26400 Bandar Tun Abdul Razak Jengka.",/images/webuser/ahli/2022/P087.jpg,15.0,PN,FB : //www.facebook.com/UstazKamalAshaari?mibextid=LQQJ4d,
YB Puan Hajah Salamiah binti Mohd Nor,,E-27,P088,Temerloh,Pahang,-,-,pkmmptemerloh@gmail.com,"SG 6, Sungai Gau, Batu 5, Jalan Maran, 28000 Temerloh, Pahang.",/images/webuser/ahli/2022/P088.jpg,15.0,PN,FB : www.facebook.com/CikguSalamiah  Twitter : www.twitter.com/CikguSalamiah  IG : //instagram.com/cikgusalamiahmohdnor,
YB Dato' Abdul Khalib bin Abdullah,,E-20,P091,Rompin,Pahang,09-4502599,-,khalib.5050@gmail.com,"22-1, Jalan Makmur 1, Presint Niaga, Bandar Satelite, 26700 Muadzam Shah, Pahang",/images/webuser/ahli/2022/P091.jpg,15.0,PN,,
YB Tuan Kalam bin Salan,,E-30,P092,Sabak Bernam,Selangor,03-32248422,-,riamansor@gmail.com,"G-07 Aras Bawah Arked MARA, 45300 Sungai Besar, Selangor",/images/webuser/ahli/2022/P092.jpg,15.0,PN,FB : Kalam Carl Lam,
YB Datuk Muslimin bin Yahaya,,F-6,P093,Sungai Besar,Selangor,-,-,muslimin.P093@gmail.com,"Pusat Khidmat Rakyat Parlimen Sungai Besar, No.20, Tingkat Atas, Jalan Gemilang 1, Taman Gemilang, 45300 Sungai Besar,Selangor Darul Ehsan.",/images/webuser/ahli/2022/P093.png,15.0,PN,FB : //www.facebook.com/muslimin.binyahaya,
YB Tuan Haji Mohd Hasnizan bin Harun,,G-22,P094,Hulu Selangor,Selangor,-,-,hasnizur@gmail.com,"No. 37-1, Jalan Adenium 1A, Seksyen BB5, Bukit Beruntung, 48300 Rawang, Selangor.",/images/webuser/ahli/2022/P094.jpg,15.0,PN,FB : HASNIZAN HARUN,
YB Dr. Hajah Halimah Ali,,E-9,P109,Kapar,Selangor,03-33723919,03-33723923,drhaliamhhaliq@gmail.com/ drhalimahmpkapar@gmail.com,"No.2, Lorong Teluk Gadong 1, Off Jalan Sungai Bertek, Taman Emas, 41250 Klang, Selangor",/images/webuser/ahli/2022/P109.jpg,15.0,PN,FB : //www.facebook.com/drhalimahAlipage  Twitter : //www.twitter.com/drhalimahAli  IG : //www.instagram.com/drhalimahAli,
YB Dato' Dr. Ahmad Yunus bin Hairi,,F-14,P112,Kuala Langat,Selangor,03-31228649,,ahmadyunushairi@yahoo.com,"Pusat Khidmat Masyarakat,No.1, Tingkat Atas, Jalan Wira 2, Taman Perwira, Telok Panglima Garang, 42500 Selangor",/images/webuser/ahli/2022/P112.jpg,15.0,PN,FB : www.facebook.com/Dr.AhmadYunusHairi,
YB Datuk Dr. Radzi Jidin,,F-2,P125,Putrajaya,Putrajaya,-,-,drjputrajaya@gmail.com,"Lot T.01-U.01, P9 E/1, Presint 9, 62250,Putrajaya",/images/webuser/ahli/2022/P125.png,15.0,PN,FB : Dr. Radzi Jidin  Twitter : @RadziJidin  IG : radzi.jidin,
YB Datuk Wira Mas Ermieyati binti Samsudin,,G-7,P134,Masjid Tanah,Melaka,06-3846050,06-3846010,amysudin2@yahoo.com,"MT 2193, Jalan Taman Bandar Baru, 78300, Masjid Tanah, Melaka",/images/webuser/ahli/2022/P134.png,15.0,PN,,
YB Tuan Haji Bakri bin Jamaluddin,,E-13,P136,Tangga Batu,Melaka,-,-,bakri.j64@gmail.com,"1364-1, KM 18, Jalan Haji Abdul Halim, 76300 Sungai Udang, Melaka.",/images/webuser/ahli/2022/P136.jpg,15.0,PN,,
YB Tuan Zulkifli bin Ismail,,F-15,P139,Jasin,Melaka,013-9315206,-,abuabdulhalim24@gmail.com,"Baitul Qurra' wal Fuqoha, Lorong Kiyai Hj. Abdul Rahman, Kampung Paya Rumput Jaya,76450 Sungai Udang, Melaka",/images/webuser/ahli/2022/P139.jpg,15.0,PN,FB : //www.facebook.com/ustazZulkifliIsmail,
YB Tan Sri Dato' Haji Mahiaddin bin Md Yasin,,G-2,P143,Pagoh,Johor,-,-,muhyddin.tsmy@gmail.com,"No.5, Jalan Setiabakti 7, Bukit Damansara, 50490 Kuala Lumpur.",/images/webuser/ahli/2022/P143.png,15.0,PN,,
YB Tuan Haji Muhammad Islahuddin bin Abas,,G-24,P154,Mersing,Johor,-,-,p154.parlimenmersing@gmail.com,"Pusat Khidmat Ahli Parlimen Mersing, No. 26 Tingkat 2, Jalan Ismail, 86800 Mersing, Johor",/images/webuser/ahli/2022/P154.jpg,15.0,PN,FB : //www.facebook.com/islahuddin.abas,
YB Datuk Seri Dr. Ronald Kiandee,,G-5,P183,Beluran,Sabah,-,-,rkiandee@yahoo.com,"Pusat Khidmat Rakyat, Lot F1 & F2, Tingkat 1, Bangunan Soh Ah Chai, Jalan Lama, 90100 Beluran, Sabah",/images/webuser/ahli/2022/P183.png,15.0,PN,,
YB Datuk Ali anak Biju,,G-10,P205,Saratok,Sarawak,086-312848,086-311848,parlimen205.saratok@gmail.com,"Ist Floor, S/L 254, Lot 947, Kemena Commercial Centre, TG. Batu, P.0 Box 538,97008 Bintulu, Sarawak",/images/webuser/ahli/2022/P205.png,15.0,PN,,
YB Tuan Syed Saddiq bin Syed Abdul Rahman,,E-38,P146,Muar,Johor,-,-,syedsaddiq92@gmail.com,"Pusat Khidmat Ahli Parlimen Muar, G-6, No.1, Lot 3352, Jalan Abdul Rahman, 84000 Muar, Johor",/images/webuser/ahli/2022/P146.png,15.0,MUDA,,
YB Dato' Verdon bin Bahanda,,D-58,P167,Kudat,Sabah,088-311233,088-396383,dt.verdonbahanda@gmail.com,"Shoplot No.2, First Floor, Lorong Iramanis 2, Taman Iramanis, Jalan Ulam Raja, Kolombong, 88450 Kota Kinabalu, Sabah.",/images/webuser/ahli/2022/P167.jpg,15.0,BEBAS,FB : www.facebook.com/VERDON BAHANDA,
YB Tuan Riduan bin Rubin,,D-57,P181,Tenom,Sabah,-,-,riduan.rubin@gmail.com,"Lot 47, Lorong Raja Udang 10, Taman Kingfisher 2, 88450 Likas, Sabah.",/images/webuser/ahli/2022/P181.jpg,15.0,BEBAS,,
